a,b,class,cosine
art,product,Alarm_Clock,0.999594134038796
art,product,Backpack,0.9995824162632653
art,product,Batteries,0.9994328520656497
art,product,Bed,0.999449854256018
art,product,Bike,0.9995533164602908
art,product,Bottle,0.999629776743794
art,product,Bucket,0.9994597477695737
art,product,Calculator,0.9996548658741726
art,product,Calendar,0.9996746595734517
art,product,Candles,0.9996047990640595
art,product,Chair,0.9995839708206297
art,product,Clipboards,0.9996389715955464
art,product,Computer,0.9992354402264976
art,product,Couch,0.9995763649657833
art,product,Curtains,0.9996011893326524
art,product,Desk_Lamp,0.9996266425638975
art,product,Drill,0.999575403779534
art,product,Eraser,0.9997502156645
art,product,Exit_Sign,0.9996041678938691
art,product,Fan,0.9996460299530485
art,product,File_Cabinet,0.9996342076696274
art,product,Flipflops,0.9995312256515907
art,product,Flowers,0.9993142713026604
art,product,Folder,0.9995059746325057
art,product,Fork,0.9996339494502761
art,product,Glasses,0.9995734407720015
art,product,Hammer,0.9995218058946109
art,product,Helmet,0.9995926594532653
art,product,Kettle,0.9996720098667266
art,product,Keyboard,0.9995558653991673
art,product,Knives,0.9995624192466628
art,product,Lamp_Shade,0.9995844669928701
art,product,Laptop,0.999471045091094
art,product,Marker,0.9996383037395729
art,product,Monitor,0.9995327982312094
art,product,Mop,0.9996076858833398
art,product,Mouse,0.9996486027817106
art,product,Mug,0.9995968829950399
art,product,Notebook,0.9995881554472258
art,product,Oven,0.9995730348873798
art,product,Pan,0.999674371586059
art,product,Paper_Clip,0.9997037007516445
art,product,Pen,0.999549253253228
art,product,Pencil,0.9995948911042729
art,product,Postit_Notes,0.9995950139135965
art,product,Printer,0.999646615359406
art,product,Push_Pin,0.9996267483625184
art,product,Radio,0.9995536979190209
art,product,Refrigerator,0.99949878427781
art,product,Ruler,0.9993909842167252
art,product,Scissors,0.9995457293283715
art,product,Screwdriver,0.9995978046623133
art,product,Shelf,0.9996443430234339
art,product,Sink,0.9996219861251012
art,product,Sneakers,0.9995052209231827
art,product,Soda,0.9995978773365644
art,product,Speaker,0.999568416054296
art,product,Spoon,0.999619546107659
art,product,TV,0.9995763858250528
art,product,Table,0.9996851700555174
art,product,Telephone,0.9995798216723535
art,product,ToothBrush,0.9995859169561802
art,product,Toys,0.9995560949473087
art,product,Trash_Can,0.9994676011726277
art,product,Webcam,0.9995760493039044
art,real_world,Alarm_Clock,0.9999258072870438
art,real_world,Backpack,0.9999148211659908
art,real_world,Batteries,0.9998880079305874
art,real_world,Bed,0.999900087014223
art,real_world,Bike,0.9999202917337042
art,real_world,Bottle,0.9999355601090105
art,real_world,Bucket,0.9999006681133665
art,real_world,Calculator,0.9999366660859468
art,real_world,Calendar,0.9999466146505005
art,real_world,Candles,0.999924074922471
art,real_world,Chair,0.9999366702645458
art,real_world,Clipboards,0.9999253370468371
art,real_world,Computer,0.9998522677542659
art,real_world,Couch,0.9999257842385834
art,real_world,Curtains,0.9999222070253997
art,real_world,Desk_Lamp,0.9999338155107768
art,real_world,Drill,0.9999107382298051
art,real_world,Eraser,0.9999540670732627
art,real_world,Exit_Sign,0.9999267206757321
art,real_world,Fan,0.9999282635444005
art,real_world,File_Cabinet,0.9999330756845339
art,real_world,Flipflops,0.9999171531161941
art,real_world,Flowers,0.9998760660020481
art,real_world,Folder,0.999913226023201
art,real_world,Fork,0.9999340815903056
art,real_world,Glasses,0.999927371219192
art,real_world,Hammer,0.9999102338478421
art,real_world,Helmet,0.9999342272679383
art,real_world,Kettle,0.9999345187118748
art,real_world,Keyboard,0.9999098634875215
art,real_world,Knives,0.9999229672856833
art,real_world,Lamp_Shade,0.999927355606923
art,real_world,Laptop,0.999913152087451
art,real_world,Marker,0.9999357011648908
art,real_world,Monitor,0.9999005153337662
art,real_world,Mop,0.9999255775021052
art,real_world,Mouse,0.9999355558162557
art,real_world,Mug,0.9999197156825721
art,real_world,Notebook,0.9999212459108434
art,real_world,Oven,0.9999264157645116
art,real_world,Pan,0.9999365268816174
art,real_world,Paper_Clip,0.9999373201234822
art,real_world,Pen,0.999917277716827
art,real_world,Pencil,0.9999180909157558
art,real_world,Postit_Notes,0.9999261275713013
art,real_world,Printer,0.9999396223897483
art,real_world,Push_Pin,0.9999261966013417
art,real_world,Radio,0.9999199291435693
art,real_world,Refrigerator,0.9998943750681373
art,real_world,Ruler,0.9998685726245637
art,real_world,Scissors,0.9998980208835151
art,real_world,Screwdriver,0.9999166359702584
art,real_world,Shelf,0.9999268642720132
art,real_world,Sink,0.9999285983501455
art,real_world,Sneakers,0.9999059241535608
art,real_world,Soda,0.9999233885987057
art,real_world,Speaker,0.9999151094546025
art,real_world,Spoon,0.9999261137729049
art,real_world,TV,0.9999105847041271
art,real_world,Table,0.9999420828675749
art,real_world,Telephone,0.9999130352382032
art,real_world,ToothBrush,0.9999166212838231
art,real_world,Toys,0.9999184684321999
art,real_world,Trash_Can,0.999891747113153
art,real_world,Webcam,0.9999147175857479
art,pooled,Alarm_Clock,0.99987898837014
art,pooled,Backpack,0.9998715916033747
art,pooled,Batteries,0.9998263429847316
art,pooled,Bed,0.999835601503518
art,pooled,Bike,0.999869443647374
art,pooled,Bottle,0.9998905436234539
art,pooled,Bucket,0.999838332403161
art,pooled,Calculator,0.9998961189153234
art,pooled,Calendar,0.9999065888054306
art,pooled,Candles,0.9998798182995485
art,pooled,Chair,0.999882353005187
art,pooled,Clipboards,0.9998885885745374
art,pooled,Computer,0.9997646004800116
art,pooled,Couch,0.9998753376455595
art,pooled,Curtains,0.9998797011191722
art,pooled,Desk_Lamp,0.9998892677862901
art,pooled,Drill,0.9998677373463413
art,pooled,Eraser,0.9999250501836909
art,pooled,Exit_Sign,0.9998808634045765
art,pooled,Fan,0.9998919238596233
art,pooled,File_Cabinet,0.9998898018700134
art,pooled,Flipflops,0.9998607485586759
art,pooled,Flowers,0.999796681789022
art,pooled,Folder,0.9998527903300118
art,pooled,Fork,0.9998921772873299
art,pooled,Glasses,0.9998753286963609
art,pooled,Hammer,0.9998576057563715
art,pooled,Helmet,0.9998829243117846
art,pooled,Kettle,0.9999008215277867
art,pooled,Keyboard,0.9998631182360962
art,pooled,Knives,0.9998708495827885
art,pooled,Lamp_Shade,0.9998782455463532
art,pooled,Laptop,0.9998464167778037
art,pooled,Marker,0.9998929324864984
art,pooled,Monitor,0.9998536947451216
art,pooled,Mop,0.9998818190848276
art,pooled,Mouse,0.9998956833542386
art,pooled,Mug,0.99987523249052
art,pooled,Notebook,0.9998746102495273
art,pooled,Oven,0.9998757289751877
art,pooled,Pan,0.9999001751227745
art,pooled,Paper_Clip,0.9999079399892161
art,pooled,Pen,0.999864765446759
art,pooled,Pencil,0.9998747847790135
art,pooled,Postit_Notes,0.999880143912584
art,pooled,Printer,0.9998972287431515
art,pooled,Push_Pin,0.9998848557577147
art,pooled,Radio,0.9998677884741974
art,pooled,Refrigerator,0.9998443184338939
art,pooled,Ruler,0.9998079378540458
art,pooled,Scissors,0.9998561579063853
art,pooled,Screwdriver,0.9998748694295925
art,pooled,Shelf,0.9998909632191524
art,pooled,Sink,0.9998860120130595
art,pooled,Sneakers,0.9998515546650453
art,pooled,Soda,0.9998776658447075
art,pooled,Speaker,0.9998683621776203
art,pooled,Spoon,0.9998845735199486
art,pooled,TV,0.9998676024354979
art,pooled,Table,0.9999059626837743
art,pooled,Telephone,0.9998700795015937
art,pooled,ToothBrush,0.9998724094584217
art,pooled,Toys,0.9998663327788015
art,pooled,Trash_Can,0.9998376949362952
art,pooled,Webcam,0.999871650293516
art,clipart,Alarm_Clock,0.9992371733092569
art,clipart,Backpack,0.999199135922318
art,clipart,Batteries,0.9991507326331158
art,clipart,Bed,0.9990931546359304
art,clipart,Bike,0.998955786609072
art,clipart,Bottle,0.9992329518782814
art,clipart,Bucket,0.9990856488096183
art,clipart,Calculator,0.9993690623285137
art,clipart,Calendar,0.9993177194243928
art,clipart,Candles,0.9992454952377995
art,clipart,Chair,0.9990952049216761
art,clipart,Clipboards,0.9994185257461523
art,clipart,Computer,0.9987871783913431
art,clipart,Couch,0.9991781555163718
art,clipart,Curtains,0.9993168639489116
art,clipart,Desk_Lamp,0.99948833864339
art,clipart,Drill,0.9993772188969026
art,clipart,Eraser,0.9995487460794469
art,clipart,Exit_Sign,0.9993922342449242
art,clipart,Fan,0.9994301761769075
art,clipart,File_Cabinet,0.9994286940474586
art,clipart,Flipflops,0.9992557255062772
art,clipart,Flowers,0.9987973116910019
art,clipart,Folder,0.9991798702758701
art,clipart,Fork,0.9993505190706103
art,clipart,Glasses,0.9992935167382079
art,clipart,Hammer,0.9992485118870376
art,clipart,Helmet,0.9992602129048045
art,clipart,Kettle,0.9994581201860184
art,clipart,Keyboard,0.9993107541683623
art,clipart,Knives,0.9991389087639633
art,clipart,Lamp_Shade,0.9992496298922795
art,clipart,Laptop,0.9989345738291951
art,clipart,Marker,0.9993204167574599
art,clipart,Monitor,0.9993144155261812
art,clipart,Mop,0.999440436704854
art,clipart,Mouse,0.9994308344753222
art,clipart,Mug,0.999377763676885
art,clipart,Notebook,0.9992441126245059
art,clipart,Oven,0.9991203080796519
art,clipart,Pan,0.999450286410917
art,clipart,Paper_Clip,0.9995463012239154
art,clipart,Pen,0.9992511763693697
art,clipart,Pencil,0.9994167540609888
art,clipart,Postit_Notes,0.9992074701745779
art,clipart,Printer,0.9992452705958128
art,clipart,Push_Pin,0.9994148531473744
art,clipart,Radio,0.9991179198394532
art,clipart,Refrigerator,0.9993333998055436
art,clipart,Ruler,0.9992200552494837
art,clipart,Scissors,0.9994225408208
art,clipart,Screwdriver,0.9994484740993926
art,clipart,Shelf,0.9994627994862999
art,clipart,Sink,0.9993202577812323
art,clipart,Sneakers,0.9991664334298197
art,clipart,Soda,0.9992396693949809
art,clipart,Speaker,0.999235521788824
art,clipart,Spoon,0.9994758700376654
art,clipart,TV,0.9994121045386213
art,clipart,Table,0.9994681295788814
art,clipart,Telephone,0.9992655875178889
art,clipart,ToothBrush,0.9994234859687674
art,clipart,Toys,0.9991700318733455
art,clipart,Trash_Can,0.9992706833546271
art,clipart,Webcam,0.9993177458513873
product,real_world,Alarm_Clock,0.999844633297313
product,real_world,Backpack,0.9998443520185896
product,real_world,Batteries,0.9997984066405512
product,real_world,Bed,0.9997909523245178
product,real_world,Bike,0.9998179091010507
product,real_world,Bottle,0.9998562646523854
product,real_world,Bucket,0.9997926540325109
product,real_world,Calculator,0.9998699512015689
product,real_world,Calendar,0.9998620177943793
product,real_world,Candles,0.9998513101524913
product,real_world,Chair,0.9998189529945045
product,real_world,Clipboards,0.9998663052394485
product,real_world,Computer,0.9997288826865577
product,real_world,Couch,0.9998323893501665
product,real_world,Curtains,0.9998445951774289
product,real_world,Desk_Lamp,0.9998524051450113
product,real_world,Drill,0.9998511242855052
product,real_world,Eraser,0.9999041896920535
product,real_world,Exit_Sign,0.9998496046289675
product,real_world,Fan,0.9998754615883988
product,real_world,File_Cabinet,0.9998619210914883
product,real_world,Flipflops,0.9998225787389876
product,real_world,Flowers,0.9997325967733637
product,real_world,Folder,0.9998087108908522
product,real_world,Fork,0.9998519831044321
product,real_world,Glasses,0.9998301064846659
product,real_world,Hammer,0.9998112073068761
product,real_world,Helmet,0.9998325326642802
product,real_world,Kettle,0.9998725613248086
product,real_world,Keyboard,0.9998451232805776
product,real_world,Knives,0.9998244669805716
product,real_world,Lamp_Shade,0.9998330456690083
product,real_world,Laptop,0.9997856341942292
product,real_world,Marker,0.9998557356762907
product,real_world,Monitor,0.9998396390246902
product,real_world,Mop,0.9998524472092875
product,real_world,Mouse,0.9998644564673771
product,real_world,Mug,0.9998553786809852
product,real_world,Notebook,0.9998475293428566
product,real_world,Oven,0.9998184126389109
product,real_world,Pan,0.9998813996871694
product,real_world,Paper_Clip,0.9998943593077457
product,real_world,Pen,0.9998302229529542
product,real_world,Pencil,0.9998536287387747
product,real_world,Postit_Notes,0.9998406586970182
product,real_world,Printer,0.999853435109691
product,real_world,Push_Pin,0.9998686286329833
product,real_world,Radio,0.9998257626020539
product,real_world,Refrigerator,0.9998186267943922
product,real_world,Ruler,0.9997952658975515
product,real_world,Scissors,0.9998415363632327
product,real_world,Screwdriver,0.9998607747364205
product,real_world,Shelf,0.9998656945253779
product,real_world,Sink,0.9998557227567095
product,real_world,Sneakers,0.9998099316039819
product,real_world,Soda,0.9998505571702143
product,real_world,Speaker,0.9998420990913133
product,real_world,Spoon,0.9998620913995552
product,real_world,TV,0.9998527634112255
product,real_world,Table,0.9998781486645629
product,real_world,Telephone,0.9998479332334632
product,real_world,ToothBrush,0.9998519246190738
product,real_world,Toys,0.9998309077347395
product,real_world,Trash_Can,0.9998029930138381
product,real_world,Webcam,0.9998358394180686
product,pooled,Alarm_Clock,0.999913744867635
product,pooled,Backpack,0.9999135098139295
product,pooled,Batteries,0.9998837082054671
product,pooled,Bed,0.9998836968377537
product,pooled,Bike,0.999901843443615
product,pooled,Bottle,0.9999208465255451
product,pooled,Bucket,0.9998856489379035
product,pooled,Calculator,0.999927685765602
product,pooled,Calendar,0.9999273185743243
product,pooled,Candles,0.999917842690707
product,pooled,Chair,0.9999061128287958
product,pooled,Clipboards,0.9999255106181213
product,pooled,Computer,0.9998448487258415
product,pooled,Couch,0.9999085705126358
product,pooled,Curtains,0.9999151172809311
product,pooled,Desk_Lamp,0.9999199356630242
product,pooled,Drill,0.9999141416435621
product,pooled,Eraser,0.9999473678625811
product,pooled,Exit_Sign,0.9999167057874033
product,pooled,Fan,0.9999271503241159
product,pooled,File_Cabinet,0.999923342017619
product,pooled,Flipflops,0.9999007289917369
product,pooled,Flowers,0.9998532536195451
product,pooled,Folder,0.9998953691289307
product,pooled,Fork,0.9999204698780411
product,pooled,Glasses,0.9999075302578065
product,pooled,Hammer,0.9998972252077575
product,pooled,Helmet,0.9999099471502009
product,pooled,Kettle,0.9999304259933522
product,pooled,Keyboard,0.9999097169064145
product,pooled,Knives,0.9999057353120615
product,pooled,Lamp_Shade,0.9999096164846879
product,pooled,Laptop,0.999884449017706
product,pooled,Marker,0.9999222166011302
product,pooled,Monitor,0.9999064217862148
product,pooled,Mop,0.999917628034187
product,pooled,Mouse,0.9999248215443683
product,pooled,Mug,0.9999181447522858
product,pooled,Notebook,0.9999146358495216
product,pooled,Oven,0.9999058636263418
product,pooled,Pan,0.9999331307662815
product,pooled,Paper_Clip,0.999939772543252
product,pooled,Pen,0.9999051775731127
product,pooled,Pencil,0.9999173154595427
product,pooled,Postit_Notes,0.9999127412391879
product,pooled,Printer,0.9999223145787997
product,pooled,Push_Pin,0.9999244056371741
product,pooled,Radio,0.9999043683119035
product,pooled,Refrigerator,0.9998977503287122
product,pooled,Ruler,0.9998792939874288
product,pooled,Scissors,0.9999092116745965
product,pooled,Screwdriver,0.9999189852197008
product,pooled,Shelf,0.999925894745722
product,pooled,Sink,0.9999204868596226
product,pooled,Sneakers,0.9998950929713235
product,pooled,Soda,0.9999166262899791
product,pooled,Speaker,0.9999106740125254
product,pooled,Spoon,0.9999210986135177
product,pooled,TV,0.9999147149867814
product,pooled,Table,0.9999331214473703
product,pooled,Telephone,0.9999139618333727
product,pooled,ToothBrush,0.9999154948002696
product,pooled,Toys,0.9999069069832405
product,pooled,Trash_Can,0.9998890777651108
product,pooled,Webcam,0.9999101828342483
product,clipart,Alarm_Clock,0.9997577512789715
product,clipart,Backpack,0.9997532303219367
product,clipart,Batteries,0.9997952420630977
product,clipart,Bed,0.9997994860652301
product,clipart,Bike,0.9996278636366203
product,clipart,Bottle,0.9997880604036905
product,clipart,Bucket,0.9997470323385702
product,clipart,Calculator,0.9998405825127418
product,clipart,Calendar,0.9998035534633731
product,clipart,Candles,0.9997609877989997
product,clipart,Chair,0.99976881895147
product,clipart,Clipboards,0.9997785376500117
product,clipart,Computer,0.9997351578041074
product,clipart,Couch,0.9997713060461253
product,clipart,Curtains,0.9997670406727281
product,clipart,Desk_Lamp,0.9998565432717283
product,clipart,Drill,0.9998421562723664
product,clipart,Eraser,0.9998737175162422
product,clipart,Exit_Sign,0.9998583593287097
product,clipart,Fan,0.9998103315001006
product,clipart,File_Cabinet,0.9998801293500179
product,clipart,Flipflops,0.9998597250810688
product,clipart,Flowers,0.9996764564297758
product,clipart,Folder,0.9998034569688888
product,clipart,Fork,0.9998095480982805
product,clipart,Glasses,0.999815406309567
product,clipart,Hammer,0.9998002785488272
product,clipart,Helmet,0.9998351113219467
product,clipart,Kettle,0.9997918938254888
product,clipart,Keyboard,0.9998011750071683
product,clipart,Knives,0.999749956062909
product,clipart,Lamp_Shade,0.9998055283670447
product,clipart,Laptop,0.9996671711960529
product,clipart,Marker,0.9998061556094976
product,clipart,Monitor,0.9998249235299854
product,clipart,Mop,0.999845083087098
product,clipart,Mouse,0.9998492139045375
product,clipart,Mug,0.9998186391393478
product,clipart,Notebook,0.9997982997711087
product,clipart,Oven,0.9997230910468297
product,clipart,Pan,0.9998297386726347
product,clipart,Paper_Clip,0.9998221894725472
product,clipart,Pen,0.9998096160746741
product,clipart,Pencil,0.9998279684748688
product,clipart,Postit_Notes,0.9997963614525902
product,clipart,Printer,0.9997674880039318
product,clipart,Push_Pin,0.9998514789518929
product,clipart,Radio,0.9997495316124131
product,clipart,Refrigerator,0.9997848207062675
product,clipart,Ruler,0.9998183938073417
product,clipart,Scissors,0.9998098504995159
product,clipart,Screwdriver,0.9998545128771554
product,clipart,Shelf,0.9998512088412354
product,clipart,Sink,0.9997738806337539
product,clipart,Sneakers,0.9997656753031701
product,clipart,Soda,0.9997740578471868
product,clipart,Speaker,0.9997593912195474
product,clipart,Spoon,0.999840407309101
product,clipart,TV,0.9998095535163736
product,clipart,Table,0.9998540218773709
product,clipart,Telephone,0.9997314352429605
product,clipart,ToothBrush,0.9998080646589095
product,clipart,Toys,0.999759679060947
product,clipart,Trash_Can,0.999713550187776
product,clipart,Webcam,0.9997327697946478
real_world,pooled,Alarm_Clock,0.9999882248889823
real_world,pooled,Backpack,0.9999875602385406
real_world,pooled,Batteries,0.9999861196546743
real_world,pooled,Bed,0.9999844296543188
real_world,pooled,Bike,0.9999849011495358
real_world,pooled,Bottle,0.9999891200241618
real_world,pooled,Bucket,0.9999838818857703
real_world,pooled,Calculator,0.9999902566886916
real_world,pooled,Calendar,0.9999881813111008
real_world,pooled,Candles,0.999988254293771
real_world,pooled,Chair,0.9999841287094936
real_world,pooled,Clipboards,0.9999892859129611
real_world,pooled,Computer,0.9999813656253123
real_world,pooled,Couch,0.9999867961260307
real_world,pooled,Curtains,0.9999872006932327
real_world,pooled,Desk_Lamp,0.9999882130955736
real_world,pooled,Drill,0.9999892803948692
real_world,pooled,Eraser,0.9999924292550746
real_world,pooled,Exit_Sign,0.9999885837348216
real_world,pooled,Fan,0.9999914629599
real_world,pooled,File_Cabinet,0.9999897072652082
real_world,pooled,Flipflops,0.9999871855315924
real_world,pooled,Flowers,0.999978872969457
real_world,pooled,Folder,0.9999852321820459
real_world,pooled,Fork,0.999987535088318
real_world,pooled,Glasses,0.9999866530786734
real_world,pooled,Hammer,0.9999844228497505
real_world,pooled,Helmet,0.999986610546108
real_world,pooled,Kettle,0.9999892023588624
real_world,pooled,Keyboard,0.9999894563173192
real_world,pooled,Knives,0.9999853601976121
real_world,pooled,Lamp_Shade,0.9999864898121807
real_world,pooled,Laptop,0.9999830221974126
real_world,pooled,Marker,0.9999881166936508
real_world,pooled,Monitor,0.9999888069062295
real_world,pooled,Mop,0.9999887490427345
real_world,pooled,Mouse,0.9999895972470557
real_world,pooled,Mug,0.9999894235365527
real_world,pooled,Notebook,0.9999886371721515
real_world,pooled,Oven,0.9999832016292985
real_world,pooled,Pan,0.9999912869616562
real_world,pooled,Paper_Clip,0.9999919202068723
real_world,pooled,Pen,0.999987431562783
real_world,pooled,Pencil,0.9999890252489433
real_world,pooled,Postit_Notes,0.9999872987179773
real_world,pooled,Printer,0.9999874118689015
real_world,pooled,Push_Pin,0.9999909010302941
real_world,pooled,Radio,0.9999863769600823
real_world,pooled,Refrigerator,0.9999857505125689
real_world,pooled,Ruler,0.9999862077948494
real_world,pooled,Scissors,0.9999876770420523
real_world,pooled,Screwdriver,0.9999904201914293
real_world,pooled,Shelf,0.9999888377676899
real_world,pooled,Sink,0.9999886229994961
real_world,pooled,Sneakers,0.999984855739803
real_world,pooled,Soda,0.9999887271176244
real_world,pooled,Speaker,0.9999882930422842
real_world,pooled,Spoon,0.9999901757714909
real_world,pooled,TV,0.9999896141303907
real_world,pooled,Table,0.9999903500969174
real_world,pooled,Telephone,0.9999883419269281
real_world,pooled,ToothBrush,0.9999892192629796
real_world,pooled,Toys,0.9999868678861565
real_world,pooled,Trash_Can,0.9999845580123831
real_world,pooled,Webcam,0.9999860608169762
real_world,clipart,Alarm_Clock,0.999474317141891
real_world,clipart,Backpack,0.9994582431391079
real_world,clipart,Batteries,0.9995059738683462
real_world,clipart,Bed,0.9994485071304354
real_world,clipart,Bike,0.9992207839585141
real_world,clipart,Bottle,0.9994984218858423
real_world,clipart,Bucket,0.9994031907221624
real_world,clipart,Calculator,0.9996033021373502
real_world,clipart,Calendar,0.9995229796068197
real_world,clipart,Candles,0.9994860018117531
real_world,clipart,Chair,0.9993713356499024
real_world,clipart,Clipboards,0.9995947135632935
real_world,clipart,Computer,0.9992961436642207
real_world,clipart,Couch,0.9994531676032814
real_world,clipart,Curtains,0.9995157295378171
real_world,clipart,Desk_Lamp,0.9996801109512193
real_world,clipart,Drill,0.999629620673701
real_world,clipart,Eraser,0.9997012957767161
real_world,clipart,Exit_Sign,0.9996272541851696
real_world,clipart,Fan,0.9996300540418159
real_world,clipart,File_Cabinet,0.9996586047076078
real_world,clipart,Flipflops,0.9995634692441535
real_world,clipart,Flowers,0.9992142653096794
real_world,clipart,Folder,0.9994913502886679
real_world,clipart,Fork,0.9995541205191432
real_world,clipart,Glasses,0.9995439733804844
real_world,clipart,Hammer,0.9995015006368616
real_world,clipart,Helmet,0.99952582816582
real_world,clipart,Kettle,0.9995990316138246
real_world,clipart,Keyboard,0.9995753523879622
real_world,clipart,Knives,0.9994071122228255
real_world,clipart,Lamp_Shade,0.9995023740641884
real_world,clipart,Laptop,0.9992671313936069
real_world,clipart,Marker,0.9995364918210133
real_world,clipart,Monitor,0.9996018692723388
real_world,clipart,Mop,0.9996480923614085
real_world,clipart,Mouse,0.9996356026373592
real_world,clipart,Mug,0.999613585244811
real_world,clipart,Notebook,0.9995250829214608
real_world,clipart,Oven,0.9993511118809
real_world,clipart,Pan,0.9996473523456386
real_world,clipart,Paper_Clip,0.999679169105051
real_world,clipart,Pen,0.9995322287470745
real_world,clipart,Pencil,0.9996248972003966
real_world,clipart,Postit_Notes,0.9994663627239248
real_world,clipart,Printer,0.9994642112416494
real_world,clipart,Push_Pin,0.9996403812616981
real_world,clipart,Radio,0.9994041962627466
real_world,clipart,Refrigerator,0.9995627769340435
real_world,clipart,Ruler,0.9995666270679906
real_world,clipart,Scissors,0.999615872480641
real_world,clipart,Screwdriver,0.9996685647032083
real_world,clipart,Shelf,0.9996540105456007
real_world,clipart,Sink,0.9995226375642114
real_world,clipart,Sneakers,0.9994396778784911
real_world,clipart,Soda,0.9994916634509066
real_world,clipart,Speaker,0.9994901445631887
real_world,clipart,Spoon,0.9996748631103061
real_world,clipart,TV,0.9996273757839818
real_world,clipart,Table,0.999655565761808
real_world,clipart,Telephone,0.9994936659833652
real_world,clipart,ToothBrush,0.9996244923808404
real_world,clipart,Toys,0.9994589754735832
real_world,clipart,Trash_Can,0.9994734856408634
real_world,clipart,Webcam,0.9994940066064307
pooled,clipart,Alarm_Clock,0.9995969416281352
pooled,clipart,Backpack,0.9995832142137374
pooled,clipart,Batteries,0.9996293921341227
pooled,clipart,Bed,0.9995942271083069
pooled,clipart,Bike,0.999391690866148
pooled,clipart,Bottle,0.999612953842796
pooled,clipart,Bucket,0.9995539060955306
pooled,clipart,Calculator,0.9996990286636616
pooled,clipart,Calendar,0.9996402649292297
pooled,clipart,Candles,0.9996051812632735
pooled,clipart,Chair,0.9995351188716217
pooled,clipart,Clipboards,0.9996862520751285
pooled,clipart,Computer,0.9994764616546049
pooled,clipart,Couch,0.9995841791547481
pooled,clipart,Curtains,0.9996335607344831
pooled,clipart,Desk_Lamp,0.9997673812169076
pooled,clipart,Drill,0.9997235889952414
pooled,clipart,Eraser,0.9997762915063949
pooled,clipart,Exit_Sign,0.9997282419555271
pooled,clipart,Fan,0.9997123943674379
pooled,clipart,File_Cabinet,0.9997522486741699
pooled,clipart,Flipflops,0.9996852948130533
pooled,clipart,Flowers,0.9994138090910621
pooled,clipart,Folder,0.9996244089893555
pooled,clipart,Fork,0.9996689509717985
pooled,clipart,Glasses,0.9996637868863704
pooled,clipart,Hammer,0.9996392222327923
pooled,clipart,Helmet,0.9996537367154763
pooled,clipart,Kettle,0.999696467698102
pooled,clipart,Keyboard,0.9996750940948103
pooled,clipart,Knives,0.9995545564704765
pooled,clipart,Lamp_Shade,0.9996318503504806
pooled,clipart,Laptop,0.9994357759805533
pooled,clipart,Marker,0.9996536888226187
pooled,clipart,Monitor,0.9996990156386368
pooled,clipart,Mop,0.9997420979451596
pooled,clipart,Mouse,0.9997301056748993
pooled,clipart,Mug,0.9997051725249285
pooled,clipart,Notebook,0.9996350304481603
pooled,clipart,Oven,0.9995195363932267
pooled,clipart,Pan,0.9997272343324891
pooled,clipart,Paper_Clip,0.9997537526091304
pooled,clipart,Pen,0.9996508972479635
pooled,clipart,Pencil,0.9997229968034632
pooled,clipart,Postit_Notes,0.9996022114581525
pooled,clipart,Printer,0.9995931755246061
pooled,clipart,Push_Pin,0.9997321053004387
pooled,clipart,Radio,0.9995470292747888
pooled,clipart,Refrigerator,0.9996799286527591
pooled,clipart,Ruler,0.9996826634532074
pooled,clipart,Scissors,0.9997213999319432
pooled,clipart,Screwdriver,0.9997553558986821
pooled,clipart,Shelf,0.999746560853435
pooled,clipart,Sink,0.9996367963626195
pooled,clipart,Sneakers,0.9995866153399363
pooled,clipart,Soda,0.9996107360408821
pooled,clipart,Speaker,0.9996075886811175
pooled,clipart,Spoon,0.9997560845976283
pooled,clipart,TV,0.9997175929303905
pooled,clipart,Table,0.9997425431129183
pooled,clipart,Telephone,0.9996049017472802
pooled,clipart,ToothBrush,0.9997181833863382
pooled,clipart,Toys,0.9995853876143199
pooled,clipart,Trash_Can,0.9996095556466035
pooled,clipart,Webcam,0.9996186624883047
