target_model_a,target_model_b,class,cosine
art,clipart,Alarm_Clock,0.6531984344854495
art,clipart,Backpack,0.6823358964023025
art,clipart,Batteries,0.6010558488985867
art,clipart,Bed,0.6413422806341138
art,clipart,Bike,0.5536278142228037
art,clipart,Bottle,0.7061250257943436
art,clipart,Bucket,0.6922313053938459
art,clipart,Calculator,0.6113448260719581
art,clipart,Calendar,0.5990192354480253
art,clipart,Candles,0.6057092262928827
art,clipart,Chair,0.6591620498546207
art,clipart,Clipboards,0.6525567350042679
art,clipart,Computer,0.6616298978358246
art,clipart,Couch,0.6608752811819042
art,clipart,Curtains,0.678637307086879
art,clipart,Desk_Lamp,0.6569178436543388
art,clipart,Drill,0.612996480609366
art,clipart,Eraser,0.6095428824681126
art,clipart,Exit_Sign,0.6247889893896759
art,clipart,Fan,0.6679352237280625
art,clipart,File_Cabinet,0.6476816847808162
art,clipart,Flipflops,0.6891404255792634
art,clipart,Flowers,0.5910805772289481
art,clipart,Folder,0.6174809783879862
art,clipart,Fork,0.6440848057445386
art,clipart,Glasses,0.6580691936530649
art,clipart,Hammer,0.6909809865289582
art,clipart,Helmet,0.6180510280674761
art,clipart,Kettle,0.6593280821862171
art,clipart,Keyboard,0.6509987249056313
art,clipart,Knives,0.6031080990216313
art,clipart,Lamp_Shade,0.62281872652067
art,clipart,Laptop,0.6503004835320146
art,clipart,Marker,0.6194766434129473
art,clipart,Monitor,0.6832509563147849
art,clipart,Mop,0.6769162343317514
art,clipart,Mouse,0.6023422488367774
art,clipart,Mug,0.7178303559842463
art,clipart,Notebook,0.6332685066238827
art,clipart,Oven,0.6908825388509781
art,clipart,Pan,0.6339431508584891
art,clipart,Paper_Clip,0.6478677326405338
art,clipart,Pen,0.7014329646754027
art,clipart,Pencil,0.6717058823981527
art,clipart,Postit_Notes,0.626424536065134
art,clipart,Printer,0.621436148249267
art,clipart,Push_Pin,0.5624171493211977
art,clipart,Radio,0.6957288278416452
art,clipart,Refrigerator,0.730448097256281
art,clipart,Ruler,0.6354468970707937
art,clipart,Scissors,0.6682716157309813
art,clipart,Screwdriver,0.6330686043021245
art,clipart,Shelf,0.7097417395493902
art,clipart,Sink,0.6810137439749931
art,clipart,Sneakers,0.5988027284885642
art,clipart,Soda,0.6586464645986347
art,clipart,Speaker,0.6558426278047483
art,clipart,Spoon,0.6680450592953069
art,clipart,TV,0.6595420303770131
art,clipart,Table,0.6962290775947613
art,clipart,Telephone,0.6903435499169646
art,clipart,ToothBrush,0.6800377921947486
art,clipart,Toys,0.671866686047191
art,clipart,Trash_Can,0.6472900014890504
art,clipart,Webcam,0.6472955103664355
art,product,Alarm_Clock,0.8583933563727439
art,product,Backpack,0.8240288006401584
art,product,Batteries,0.7924621601033011
art,product,Bed,0.837516245669666
art,product,Bike,0.8485691582805164
art,product,Bottle,0.8559672516326114
art,product,Bucket,0.8640227688275919
art,product,Calculator,0.8544499421670696
art,product,Calendar,0.7954053135252532
art,product,Candles,0.8620493939197057
art,product,Chair,0.871547924481291
art,product,Clipboards,0.8343617093344396
art,product,Computer,0.8476775734132507
art,product,Couch,0.8631810476545603
art,product,Curtains,0.8383279130933582
art,product,Desk_Lamp,0.8734461248056299
art,product,Drill,0.8746958638966875
art,product,Eraser,0.8048127659893263
art,product,Exit_Sign,0.8210997300917214
art,product,Fan,0.8416871811796046
art,product,File_Cabinet,0.8204543529090113
art,product,Flipflops,0.803507583184824
art,product,Flowers,0.8442544881669122
art,product,Folder,0.8083957094312194
art,product,Fork,0.878177977903874
art,product,Glasses,0.844157887005076
art,product,Hammer,0.8375584985670341
art,product,Helmet,0.8586400729566022
art,product,Kettle,0.8304664282543421
art,product,Keyboard,0.8802058974943118
art,product,Knives,0.8483136881066321
art,product,Lamp_Shade,0.8596774025784557
art,product,Laptop,0.8695757519530155
art,product,Marker,0.700759388134471
art,product,Monitor,0.8612567616146978
art,product,Mop,0.8108692480471282
art,product,Mouse,0.8390012046131591
art,product,Mug,0.8532124323266392
art,product,Notebook,0.8696995226035316
art,product,Oven,0.8512974962762543
art,product,Pan,0.8328913629919508
art,product,Paper_Clip,0.7906468265543674
art,product,Pen,0.8796055734485883
art,product,Pencil,0.8643382613746523
art,product,Postit_Notes,0.734672876643708
art,product,Printer,0.8160942039463128
art,product,Push_Pin,0.7852236712082279
art,product,Radio,0.8426227992731449
art,product,Refrigerator,0.8717505333971532
art,product,Ruler,0.8222942046787942
art,product,Scissors,0.8388516508566152
art,product,Screwdriver,0.844891443879065
art,product,Shelf,0.8377617584870245
art,product,Sink,0.8399284416976067
art,product,Sneakers,0.8439822047855351
art,product,Soda,0.8632838507211487
art,product,Speaker,0.8483996987950668
art,product,Spoon,0.8629584081916878
art,product,TV,0.8422193385322402
art,product,Table,0.8312538673186979
art,product,Telephone,0.8764282523715727
art,product,ToothBrush,0.8335453759239534
art,product,Toys,0.8779810605982756
art,product,Trash_Can,0.8471343760146247
art,product,Webcam,0.7770033331492647
art,real_world,Alarm_Clock,0.8455278836443498
art,real_world,Backpack,0.8012587671698287
art,real_world,Batteries,0.7196857020017722
art,real_world,Bed,0.7688199825960423
art,real_world,Bike,0.8257970055973852
art,real_world,Bottle,0.8502029516489287
art,real_world,Bucket,0.8362630184208268
art,real_world,Calculator,0.8523361334199422
art,real_world,Calendar,0.8166888767370493
art,real_world,Candles,0.834950443150472
art,real_world,Chair,0.8308272894420368
art,real_world,Clipboards,0.804415517658218
art,real_world,Computer,0.8122382221064762
art,real_world,Couch,0.8249312766049661
art,real_world,Curtains,0.817070317506708
art,real_world,Desk_Lamp,0.8288279653101518
art,real_world,Drill,0.7920266581052321
art,real_world,Eraser,0.786477401826958
art,real_world,Exit_Sign,0.8284249375513397
art,real_world,Fan,0.8290317977340005
art,real_world,File_Cabinet,0.8194966870829226
art,real_world,Flipflops,0.7578426017308053
art,real_world,Flowers,0.8163713149267969
art,real_world,Folder,0.8357957206889878
art,real_world,Fork,0.8352541266011159
art,real_world,Glasses,0.7953535777083546
art,real_world,Hammer,0.8257287311549109
art,real_world,Helmet,0.8475762599151773
art,real_world,Kettle,0.8126760531974399
art,real_world,Keyboard,0.819728555193528
art,real_world,Knives,0.7853453269125684
art,real_world,Lamp_Shade,0.8692120555536688
art,real_world,Laptop,0.8614007070228898
art,real_world,Marker,0.7565358299073885
art,real_world,Monitor,0.8517512095903432
art,real_world,Mop,0.7869186437572284
art,real_world,Mouse,0.8125860712784652
art,real_world,Mug,0.8457506203959263
art,real_world,Notebook,0.8750255870773151
art,real_world,Oven,0.8157786865753988
art,real_world,Pan,0.8149215927883664
art,real_world,Paper_Clip,0.7761584889162284
art,real_world,Pen,0.8475321624168664
art,real_world,Pencil,0.8427739908237312
art,real_world,Postit_Notes,0.7267543941210113
art,real_world,Printer,0.8024817508728388
art,real_world,Push_Pin,0.7363549834570637
art,real_world,Radio,0.7566126640025924
art,real_world,Refrigerator,0.844892693824434
art,real_world,Ruler,0.8150431303072193
art,real_world,Scissors,0.8520968697882455
art,real_world,Screwdriver,0.8455687829968173
art,real_world,Shelf,0.8232034929664321
art,real_world,Sink,0.8371990897865653
art,real_world,Sneakers,0.814465739535114
art,real_world,Soda,0.7315836052744501
art,real_world,Speaker,0.832378108245613
art,real_world,Spoon,0.8367224130967198
art,real_world,TV,0.828608485654606
art,real_world,Table,0.7697552089767553
art,real_world,Telephone,0.8478136542694962
art,real_world,ToothBrush,0.803964445184544
art,real_world,Toys,0.8438164558525332
art,real_world,Trash_Can,0.8267419711472028
art,real_world,Webcam,0.7882591287303289
clipart,product,Alarm_Clock,0.6238416843119631
clipart,product,Backpack,0.6751526877878854
clipart,product,Batteries,0.5989549207249539
clipart,product,Bed,0.6327746606990551
clipart,product,Bike,0.5525118804831536
clipart,product,Bottle,0.6867335664396286
clipart,product,Bucket,0.6742607803853891
clipart,product,Calculator,0.588685283718825
clipart,product,Calendar,0.5632676823674839
clipart,product,Candles,0.611212412017517
clipart,product,Chair,0.6678753318816846
clipart,product,Clipboards,0.604076460802822
clipart,product,Computer,0.6363316945294005
clipart,product,Couch,0.6679429557406978
clipart,product,Curtains,0.6472284807260099
clipart,product,Desk_Lamp,0.6242711710100404
clipart,product,Drill,0.585097208308877
clipart,product,Eraser,0.5352605099503274
clipart,product,Exit_Sign,0.6671987749293162
clipart,product,Fan,0.6812007800028232
clipart,product,File_Cabinet,0.6316220152877169
clipart,product,Flipflops,0.6506194090753006
clipart,product,Flowers,0.5484709395453032
clipart,product,Folder,0.562472423944393
clipart,product,Fork,0.6477570918309626
clipart,product,Glasses,0.6544191655008862
clipart,product,Hammer,0.6490024717614794
clipart,product,Helmet,0.6265713577009231
clipart,product,Kettle,0.6456396061310629
clipart,product,Keyboard,0.6284977779954692
clipart,product,Knives,0.6062722761300116
clipart,product,Lamp_Shade,0.6113649941063665
clipart,product,Laptop,0.6381958009828176
clipart,product,Marker,0.611945413836274
clipart,product,Monitor,0.6728855980217627
clipart,product,Mop,0.6555943152311574
clipart,product,Mouse,0.5713213647121902
clipart,product,Mug,0.6747505383034419
clipart,product,Notebook,0.6250370176427055
clipart,product,Oven,0.6996142622426922
clipart,product,Pan,0.6156721697243838
clipart,product,Paper_Clip,0.6262493402030814
clipart,product,Pen,0.6696272028451343
clipart,product,Pencil,0.6391829647763887
clipart,product,Postit_Notes,0.535907362078359
clipart,product,Printer,0.6050300601000775
clipart,product,Push_Pin,0.5369359655148175
clipart,product,Radio,0.6588116037453808
clipart,product,Refrigerator,0.7350230190497145
clipart,product,Ruler,0.6306299344504943
clipart,product,Scissors,0.6368434177782022
clipart,product,Screwdriver,0.5759288213224125
clipart,product,Shelf,0.6682093996448358
clipart,product,Sink,0.6494474033372281
clipart,product,Sneakers,0.6147809839974028
clipart,product,Soda,0.6490742247262007
clipart,product,Speaker,0.6219590053983165
clipart,product,Spoon,0.6739420874136417
clipart,product,TV,0.654737627508888
clipart,product,Table,0.6950984554178365
clipart,product,Telephone,0.6768938979483805
clipart,product,ToothBrush,0.6741683013311467
clipart,product,Toys,0.6483604475946706
clipart,product,Trash_Can,0.6462824527928358
clipart,product,Webcam,0.5470357213022063
clipart,real_world,Alarm_Clock,0.5819151977385226
clipart,real_world,Backpack,0.620776761049144
clipart,real_world,Batteries,0.5832632103218736
clipart,real_world,Bed,0.585666477698647
clipart,real_world,Bike,0.5220378269108139
clipart,real_world,Bottle,0.6608376917812742
clipart,real_world,Bucket,0.6516354280551699
clipart,real_world,Calculator,0.5915746190629545
clipart,real_world,Calendar,0.558568887282335
clipart,real_world,Candles,0.5900726562879787
clipart,real_world,Chair,0.6295356625630865
clipart,real_world,Clipboards,0.6076634112017543
clipart,real_world,Computer,0.606044447838664
clipart,real_world,Couch,0.6199917070261485
clipart,real_world,Curtains,0.6447349686209429
clipart,real_world,Desk_Lamp,0.6172330097323591
clipart,real_world,Drill,0.5120598052373182
clipart,real_world,Eraser,0.5710642693745176
clipart,real_world,Exit_Sign,0.5915340404225075
clipart,real_world,Fan,0.6423630295569174
clipart,real_world,File_Cabinet,0.5951349530882332
clipart,real_world,Flipflops,0.6269392313363973
clipart,real_world,Flowers,0.5675830861386072
clipart,real_world,Folder,0.5737545114291253
clipart,real_world,Fork,0.6383226021440274
clipart,real_world,Glasses,0.6099091970550882
clipart,real_world,Hammer,0.631184032544683
clipart,real_world,Helmet,0.6272700073977642
clipart,real_world,Kettle,0.6281156141570713
clipart,real_world,Keyboard,0.594258525882188
clipart,real_world,Knives,0.6143358825989454
clipart,real_world,Lamp_Shade,0.6151795770000736
clipart,real_world,Laptop,0.6131823969010762
clipart,real_world,Marker,0.6104672966823774
clipart,real_world,Monitor,0.6556832182131903
clipart,real_world,Mop,0.6020089489728279
clipart,real_world,Mouse,0.5631697817884243
clipart,real_world,Mug,0.6472716581108457
clipart,real_world,Notebook,0.6233860054134265
clipart,real_world,Oven,0.6727033846310857
clipart,real_world,Pan,0.6213188865870426
clipart,real_world,Paper_Clip,0.6240271697533313
clipart,real_world,Pen,0.6750220811563667
clipart,real_world,Pencil,0.6118630097046125
clipart,real_world,Postit_Notes,0.5126417891739296
clipart,real_world,Printer,0.6213485560869889
clipart,real_world,Push_Pin,0.4760119387640373
clipart,real_world,Radio,0.6136749482478274
clipart,real_world,Refrigerator,0.7065514300841078
clipart,real_world,Ruler,0.600213171798563
clipart,real_world,Scissors,0.6510411102447596
clipart,real_world,Screwdriver,0.5736833499232004
clipart,real_world,Shelf,0.6364748153668038
clipart,real_world,Sink,0.6583703674078245
clipart,real_world,Sneakers,0.580357319010537
clipart,real_world,Soda,0.5901797537120239
clipart,real_world,Speaker,0.5743248711790117
clipart,real_world,Spoon,0.6623590371037452
clipart,real_world,TV,0.6294329278930499
clipart,real_world,Table,0.6198507278083322
clipart,real_world,Telephone,0.6476660067438993
clipart,real_world,ToothBrush,0.6401596236771498
clipart,real_world,Toys,0.6354308372793075
clipart,real_world,Trash_Can,0.6082080060558587
clipart,real_world,Webcam,0.5941377341719123
product,real_world,Alarm_Clock,0.8542268855842547
product,real_world,Backpack,0.8653810750798391
product,real_world,Batteries,0.7752404617450178
product,real_world,Bed,0.8001265227067572
product,real_world,Bike,0.8789076018399591
product,real_world,Bottle,0.8740749072054402
product,real_world,Bucket,0.8794482992391867
product,real_world,Calculator,0.8535945678594475
product,real_world,Calendar,0.7969883211808323
product,real_world,Candles,0.8315386301613197
product,real_world,Chair,0.8702352126744778
product,real_world,Clipboards,0.8086325246530607
product,real_world,Computer,0.8634136008259823
product,real_world,Couch,0.8560940117646387
product,real_world,Curtains,0.842740002636203
product,real_world,Desk_Lamp,0.840418281621807
product,real_world,Drill,0.8386371362152798
product,real_world,Eraser,0.8443398185500128
product,real_world,Exit_Sign,0.8393300493526684
product,real_world,Fan,0.8639514499033277
product,real_world,File_Cabinet,0.8592293466447323
product,real_world,Flipflops,0.7598499700371378
product,real_world,Flowers,0.8484613932744725
product,real_world,Folder,0.7991290686403338
product,real_world,Fork,0.875701040142596
product,real_world,Glasses,0.8333107207247522
product,real_world,Hammer,0.8574225557283408
product,real_world,Helmet,0.8903022846280226
product,real_world,Kettle,0.8569124211621799
product,real_world,Keyboard,0.8523071779943132
product,real_world,Knives,0.8390421293256901
product,real_world,Lamp_Shade,0.8899590536589749
product,real_world,Laptop,0.8787459294023978
product,real_world,Marker,0.8111454865090976
product,real_world,Monitor,0.8867452783457102
product,real_world,Mop,0.8327563525753541
product,real_world,Mouse,0.8491473762144041
product,real_world,Mug,0.8687506228666336
product,real_world,Notebook,0.8726319745756981
product,real_world,Oven,0.8778799861012359
product,real_world,Pan,0.8490529373215727
product,real_world,Paper_Clip,0.8404007946986545
product,real_world,Pen,0.863666544577948
product,real_world,Pencil,0.8660568274645293
product,real_world,Postit_Notes,0.7322302654200346
product,real_world,Printer,0.8547153376349034
product,real_world,Push_Pin,0.7902300422824129
product,real_world,Radio,0.8169334714312315
product,real_world,Refrigerator,0.8940621008309235
product,real_world,Ruler,0.8247738967974722
product,real_world,Scissors,0.8611470084646762
product,real_world,Screwdriver,0.8448197803132921
product,real_world,Shelf,0.8716294705981895
product,real_world,Sink,0.8439759892406576
product,real_world,Sneakers,0.8362070895422472
product,real_world,Soda,0.7759815014051951
product,real_world,Speaker,0.8415743231899623
product,real_world,Spoon,0.8874530746379162
product,real_world,TV,0.8404037438884807
product,real_world,Table,0.8160678294025819
product,real_world,Telephone,0.8831078749751516
product,real_world,ToothBrush,0.8591095830739485
product,real_world,Toys,0.8723128853600275
product,real_world,Trash_Can,0.8369766736292927
product,real_world,Webcam,0.7472157038942838
