target_model_a,target_model_b,class,cosine
art,clipart,Alarm_Clock,0.6374549336470976
art,clipart,Backpack,0.610771256083623
art,clipart,Batteries,0.6092972469124605
art,clipart,Bed,0.6416802118548316
art,clipart,Bike,0.4930232399825539
art,clipart,Bottle,0.6898328388370047
art,clipart,Bucket,0.68125137406272
art,clipart,Calculator,0.5783820916897543
art,clipart,Calendar,0.5894498149841944
art,clipart,Candles,0.5782695789865548
art,clipart,Chair,0.6278140662737882
art,clipart,Clipboards,0.6505660322911547
art,clipart,Computer,0.6767250263749994
art,clipart,Couch,0.6031829383828292
art,clipart,Curtains,0.657310346315302
art,clipart,Desk_Lamp,0.6539292173863211
art,clipart,Drill,0.5189938635737257
art,clipart,Eraser,0.4804455725356376
art,clipart,Exit_Sign,0.5906075561756022
art,clipart,Fan,0.6643544768595623
art,clipart,File_Cabinet,0.6861954286545271
art,clipart,Flipflops,0.70497354307604
art,clipart,Flowers,0.6025570336721487
art,clipart,Folder,0.581644045984786
art,clipart,Fork,0.6228035647963849
art,clipart,Glasses,0.6453754258746002
art,clipart,Hammer,0.720366245911848
art,clipart,Helmet,0.66640174592653
art,clipart,Kettle,0.6379329111561578
art,clipart,Keyboard,0.6318651816998418
art,clipart,Knives,0.5594150632849365
art,clipart,Lamp_Shade,0.5440789441622752
art,clipart,Laptop,0.6365003017769167
art,clipart,Marker,0.5969382026362264
art,clipart,Monitor,0.6769977613569732
art,clipart,Mop,0.6728018448154769
art,clipart,Mouse,0.5917000887485216
art,clipart,Mug,0.7331372559119906
art,clipart,Notebook,0.6080550912384318
art,clipart,Oven,0.6690037804023401
art,clipart,Pan,0.5905514396706516
art,clipart,Paper_Clip,0.5800744219214435
art,clipart,Pen,0.6605865775124309
art,clipart,Pencil,0.6808752232027399
art,clipart,Postit_Notes,0.6615273277014031
art,clipart,Printer,0.587638549672908
art,clipart,Push_Pin,0.561688987134477
art,clipart,Radio,0.6657997465885223
art,clipart,Refrigerator,0.6820030965536998
art,clipart,Ruler,0.615791620217415
art,clipart,Scissors,0.7182768712526011
art,clipart,Screwdriver,0.6458125951606065
art,clipart,Shelf,0.7194713691547696
art,clipart,Sink,0.6307664560755646
art,clipart,Sneakers,0.5301020501879297
art,clipart,Soda,0.6890019740017277
art,clipart,Speaker,0.6483613496238814
art,clipart,Spoon,0.6634049698699258
art,clipart,TV,0.6319957349177795
art,clipart,Table,0.7214676762618464
art,clipart,Telephone,0.6321652184129605
art,clipart,ToothBrush,0.6838672047985592
art,clipart,Toys,0.6539297504210743
art,clipart,Trash_Can,0.6286420745332085
art,clipart,Webcam,0.6579888004937463
art,product,Alarm_Clock,0.7838366756845772
art,product,Backpack,0.6894671764405165
art,product,Batteries,0.6995473555325261
art,product,Bed,0.773522024620638
art,product,Bike,0.7651761914739501
art,product,Bottle,0.8290317693320313
art,product,Bucket,0.7518107542299922
art,product,Calculator,0.7695471828561571
art,product,Calendar,0.6626801225688673
art,product,Candles,0.7879492898725395
art,product,Chair,0.7757296915661861
art,product,Clipboards,0.720472302460953
art,product,Computer,0.7860865703472752
art,product,Couch,0.7911671557567284
art,product,Curtains,0.788556654857957
art,product,Desk_Lamp,0.7632867908725331
art,product,Drill,0.7164160282154987
art,product,Eraser,0.7384743284909586
art,product,Exit_Sign,0.6926664102507925
art,product,Fan,0.7430110690417877
art,product,File_Cabinet,0.7356168772912938
art,product,Flipflops,0.7351276664481201
art,product,Flowers,0.7997363034266297
art,product,Folder,0.6469828173614675
art,product,Fork,0.7751953664399768
art,product,Glasses,0.7937087582731702
art,product,Hammer,0.7898881959625802
art,product,Helmet,0.7994374989444075
art,product,Kettle,0.7215875176237618
art,product,Keyboard,0.803102839288725
art,product,Knives,0.7291125099040764
art,product,Lamp_Shade,0.7546243445722097
art,product,Laptop,0.824424535257474
art,product,Marker,0.6378420474881156
art,product,Monitor,0.7847465966317163
art,product,Mop,0.7326796116575461
art,product,Mouse,0.7180316909039047
art,product,Mug,0.7796554066680018
art,product,Notebook,0.7604404800604669
art,product,Oven,0.7876824327526343
art,product,Pan,0.7595057456627499
art,product,Paper_Clip,0.6704145813353819
art,product,Pen,0.7991674325462503
art,product,Pencil,0.7514485976726895
art,product,Postit_Notes,0.6963717412197453
art,product,Printer,0.7332902479078561
art,product,Push_Pin,0.6463475288464773
art,product,Radio,0.6908536315458106
art,product,Refrigerator,0.7538494225510464
art,product,Ruler,0.7453659064670645
art,product,Scissors,0.7680122198904957
art,product,Screwdriver,0.7368166014535027
art,product,Shelf,0.7538314423822822
art,product,Sink,0.7409773497198083
art,product,Sneakers,0.7530273860673814
art,product,Soda,0.8215855023225906
art,product,Speaker,0.77116456192773
art,product,Spoon,0.7761579026881861
art,product,TV,0.7337265825337054
art,product,Table,0.7418227714900616
art,product,Telephone,0.7676975196332189
art,product,ToothBrush,0.7664028367760565
art,product,Toys,0.8230434023350102
art,product,Trash_Can,0.8059219240526054
art,product,Webcam,0.6481153498048535
art,real_world,Alarm_Clock,0.7498164302962268
art,real_world,Backpack,0.7489744554360895
art,real_world,Batteries,0.6196304971785656
art,real_world,Bed,0.7454018872548636
art,real_world,Bike,0.7246679148535758
art,real_world,Bottle,0.7747158470733573
art,real_world,Bucket,0.7188816584098277
art,real_world,Calculator,0.8057209804235903
art,real_world,Calendar,0.7523138148270291
art,real_world,Candles,0.7548624842911144
art,real_world,Chair,0.7571303106164768
art,real_world,Clipboards,0.7357700888050962
art,real_world,Computer,0.7440720960043713
art,real_world,Couch,0.7633559936039989
art,real_world,Curtains,0.7389289115608112
art,real_world,Desk_Lamp,0.7903964414340521
art,real_world,Drill,0.700825476473268
art,real_world,Eraser,0.689694466629869
art,real_world,Exit_Sign,0.7774755733851503
art,real_world,Fan,0.7934435839122052
art,real_world,File_Cabinet,0.7487652821382603
art,real_world,Flipflops,0.6871814314394373
art,real_world,Flowers,0.7658601037883463
art,real_world,Folder,0.719152998014662
art,real_world,Fork,0.7633866076584622
art,real_world,Glasses,0.7370583631767305
art,real_world,Hammer,0.7612510623002737
art,real_world,Helmet,0.7980165520986869
art,real_world,Kettle,0.7430148710446125
art,real_world,Keyboard,0.7421276951055432
art,real_world,Knives,0.6961809196504122
art,real_world,Lamp_Shade,0.7583212104974338
art,real_world,Laptop,0.8520402711975485
art,real_world,Marker,0.7047393141960347
art,real_world,Monitor,0.8101385442178857
art,real_world,Mop,0.749872968906754
art,real_world,Mouse,0.7247650329192081
art,real_world,Mug,0.797533991936691
art,real_world,Notebook,0.7898620712116386
art,real_world,Oven,0.7131086743409123
art,real_world,Pan,0.7029508485443384
art,real_world,Paper_Clip,0.6836427003993084
art,real_world,Pen,0.8114817143262231
art,real_world,Pencil,0.7267029054453779
art,real_world,Postit_Notes,0.6536790851210087
art,real_world,Printer,0.7223433855913374
art,real_world,Push_Pin,0.6498943825762671
art,real_world,Radio,0.6250837679757565
art,real_world,Refrigerator,0.7437454682571742
art,real_world,Ruler,0.7611138835905333
art,real_world,Scissors,0.7984700359817823
art,real_world,Screwdriver,0.6988273532606396
art,real_world,Shelf,0.7398168295826734
art,real_world,Sink,0.7452343027761559
art,real_world,Sneakers,0.7434667587005431
art,real_world,Soda,0.6519954387429013
art,real_world,Speaker,0.7562810147519049
art,real_world,Spoon,0.7565828594501761
art,real_world,TV,0.7297793242189063
art,real_world,Table,0.6823448748607427
art,real_world,Telephone,0.7403197075910305
art,real_world,ToothBrush,0.7182035301903211
art,real_world,Toys,0.7252967034449226
art,real_world,Trash_Can,0.7292039532132462
art,real_world,Webcam,0.6668755402133241
clipart,product,Alarm_Clock,0.58910841498227
clipart,product,Backpack,0.6360111104782995
clipart,product,Batteries,0.6102949199237673
clipart,product,Bed,0.5991240069212327
clipart,product,Bike,0.49328500296559763
clipart,product,Bottle,0.670416363624173
clipart,product,Bucket,0.6699795287539884
clipart,product,Calculator,0.5956685336382893
clipart,product,Calendar,0.46642572919962355
clipart,product,Candles,0.6059456738888215
clipart,product,Chair,0.6406859452557991
clipart,product,Clipboards,0.6236890695214827
clipart,product,Computer,0.6238954601434714
clipart,product,Couch,0.6541129155155984
clipart,product,Curtains,0.6386198367089495
clipart,product,Desk_Lamp,0.6131573474920421
clipart,product,Drill,0.4771768445562863
clipart,product,Eraser,0.46318227595474565
clipart,product,Exit_Sign,0.635608196403483
clipart,product,Fan,0.6305096541365149
clipart,product,File_Cabinet,0.6560331643022977
clipart,product,Flipflops,0.6367456132374243
clipart,product,Flowers,0.551426576388403
clipart,product,Folder,0.39262266822819436
clipart,product,Fork,0.6467146307489836
clipart,product,Glasses,0.6229959873858113
clipart,product,Hammer,0.6777639215123886
clipart,product,Helmet,0.6433053150767752
clipart,product,Kettle,0.6431822485864658
clipart,product,Keyboard,0.6818884144030329
clipart,product,Knives,0.5894313482913921
clipart,product,Lamp_Shade,0.5119479055170291
clipart,product,Laptop,0.6306172358248653
clipart,product,Marker,0.582478115605058
clipart,product,Monitor,0.6524270969334656
clipart,product,Mop,0.6178953737171634
clipart,product,Mouse,0.5356757330530761
clipart,product,Mug,0.6425073269724003
clipart,product,Notebook,0.610733099014668
clipart,product,Oven,0.7026036270740124
clipart,product,Pan,0.5866607463300019
clipart,product,Paper_Clip,0.5703068432254753
clipart,product,Pen,0.5946312736822276
clipart,product,Pencil,0.609545931993173
clipart,product,Postit_Notes,0.5527952164277953
clipart,product,Printer,0.5797744584863773
clipart,product,Push_Pin,0.5660283152001938
clipart,product,Radio,0.6081480715516752
clipart,product,Refrigerator,0.656227629222903
clipart,product,Ruler,0.6157513538099806
clipart,product,Scissors,0.6465254728321095
clipart,product,Screwdriver,0.6149220045125667
clipart,product,Shelf,0.6619518130180151
clipart,product,Sink,0.5899810523473791
clipart,product,Sneakers,0.5446210502089139
clipart,product,Soda,0.6729594923049496
clipart,product,Speaker,0.6049135636253914
clipart,product,Spoon,0.6667173661986583
clipart,product,TV,0.650070408620441
clipart,product,Table,0.6806771269370215
clipart,product,Telephone,0.6561604040403529
clipart,product,ToothBrush,0.6856311652091165
clipart,product,Toys,0.6400877410434583
clipart,product,Trash_Can,0.6106177526924172
clipart,product,Webcam,0.537995656903239
clipart,real_world,Alarm_Clock,0.5498523624070344
clipart,real_world,Backpack,0.603617550534741
clipart,real_world,Batteries,0.5897450391762855
clipart,real_world,Bed,0.5340045701705944
clipart,real_world,Bike,0.47977010735491316
clipart,real_world,Bottle,0.6529123774224579
clipart,real_world,Bucket,0.6451110126564765
clipart,real_world,Calculator,0.5524798783520927
clipart,real_world,Calendar,0.5272202479135453
clipart,real_world,Candles,0.5845131191169556
clipart,real_world,Chair,0.6042938279928305
clipart,real_world,Clipboards,0.6571573490895981
clipart,real_world,Computer,0.5937660579725365
clipart,real_world,Couch,0.6289682215271463
clipart,real_world,Curtains,0.6225877929047511
clipart,real_world,Desk_Lamp,0.643270747753157
clipart,real_world,Drill,0.49848159427597033
clipart,real_world,Eraser,0.5652115808935708
clipart,real_world,Exit_Sign,0.5700685644814543
clipart,real_world,Fan,0.6368195827377018
clipart,real_world,File_Cabinet,0.5953063261669664
clipart,real_world,Flipflops,0.5767790610444884
clipart,real_world,Flowers,0.5866623413761842
clipart,real_world,Folder,0.5422396776824805
clipart,real_world,Fork,0.6488464083039706
clipart,real_world,Glasses,0.5933024596905838
clipart,real_world,Hammer,0.6425840324760449
clipart,real_world,Helmet,0.671762398441735
clipart,real_world,Kettle,0.6308787461637272
clipart,real_world,Keyboard,0.6462219162895657
clipart,real_world,Knives,0.6383959183684853
clipart,real_world,Lamp_Shade,0.5867833003596283
clipart,real_world,Laptop,0.6132895051827788
clipart,real_world,Marker,0.5731142782852882
clipart,real_world,Monitor,0.6860652506958009
clipart,real_world,Mop,0.6129820854861172
clipart,real_world,Mouse,0.5155087111992988
clipart,real_world,Mug,0.6378974178257076
clipart,real_world,Notebook,0.6329792337610348
clipart,real_world,Oven,0.6382637843300785
clipart,real_world,Pan,0.5938585237502849
clipart,real_world,Paper_Clip,0.5504486781774296
clipart,real_world,Pen,0.6631425718810117
clipart,real_world,Pencil,0.6214565083673932
clipart,real_world,Postit_Notes,0.4933346280287032
clipart,real_world,Printer,0.6499865853531307
clipart,real_world,Push_Pin,0.5105572615657038
clipart,real_world,Radio,0.5795782164225639
clipart,real_world,Refrigerator,0.6650533341472531
clipart,real_world,Ruler,0.6358876684198033
clipart,real_world,Scissors,0.6626891577465366
clipart,real_world,Screwdriver,0.5622935990734043
clipart,real_world,Shelf,0.6368134686008262
clipart,real_world,Sink,0.597697221014213
clipart,real_world,Sneakers,0.5574164124364769
clipart,real_world,Soda,0.5884867188960704
clipart,real_world,Speaker,0.5676117028187586
clipart,real_world,Spoon,0.672312489861736
clipart,real_world,TV,0.6694015504627306
clipart,real_world,Table,0.563742549232524
clipart,real_world,Telephone,0.6624220340052851
clipart,real_world,ToothBrush,0.6576726304784103
clipart,real_world,Toys,0.5592263526003889
clipart,real_world,Trash_Can,0.569663821104789
clipart,real_world,Webcam,0.5629423609547434
product,real_world,Alarm_Clock,0.7576816144410563
product,real_world,Backpack,0.7840619713660911
product,real_world,Batteries,0.7139005257593812
product,real_world,Bed,0.7452890065876654
product,real_world,Bike,0.8285889602904124
product,real_world,Bottle,0.8007402220610501
product,real_world,Bucket,0.8227292645484516
product,real_world,Calculator,0.7836798481405474
product,real_world,Calendar,0.628135355718432
product,real_world,Candles,0.7612846113396351
product,real_world,Chair,0.7741785427688619
product,real_world,Clipboards,0.7113003626350882
product,real_world,Computer,0.8030490851875226
product,real_world,Couch,0.8056717293653961
product,real_world,Curtains,0.7737435711409301
product,real_world,Desk_Lamp,0.756419265346959
product,real_world,Drill,0.7500263922248787
product,real_world,Eraser,0.7914677890727232
product,real_world,Exit_Sign,0.7486367831452706
product,real_world,Fan,0.7763084043398398
product,real_world,File_Cabinet,0.7557633712003476
product,real_world,Flipflops,0.619483406876394
product,real_world,Flowers,0.7998972973345658
product,real_world,Folder,0.5808966694305331
product,real_world,Fork,0.7706775424260096
product,real_world,Glasses,0.768176379861989
product,real_world,Hammer,0.7777805768639385
product,real_world,Helmet,0.8474307357481505
product,real_world,Kettle,0.793749476646201
product,real_world,Keyboard,0.8378236586015642
product,real_world,Knives,0.7769860665587376
product,real_world,Lamp_Shade,0.788856932875576
product,real_world,Laptop,0.8351188624417231
product,real_world,Marker,0.6657057232849309
product,real_world,Monitor,0.8435079923542699
product,real_world,Mop,0.7866862684982275
product,real_world,Mouse,0.6716399539970195
product,real_world,Mug,0.8287597204754569
product,real_world,Notebook,0.7957305906747727
product,real_world,Oven,0.7930224419165578
product,real_world,Pan,0.7980759145466965
product,real_world,Paper_Clip,0.705666399759759
product,real_world,Pen,0.7906080684330014
product,real_world,Pencil,0.757297422159663
product,real_world,Postit_Notes,0.669143889912278
product,real_world,Printer,0.7736277818081506
product,real_world,Push_Pin,0.6903719921290428
product,real_world,Radio,0.7037392799968639
product,real_world,Refrigerator,0.8048945618060795
product,real_world,Ruler,0.778711387439176
product,real_world,Scissors,0.8231253470322291
product,real_world,Screwdriver,0.7487420613493224
product,real_world,Shelf,0.8061925706206888
product,real_world,Sink,0.7081569679086465
product,real_world,Sneakers,0.7500984302998376
product,real_world,Soda,0.6775254954817352
product,real_world,Speaker,0.7763184400359775
product,real_world,Spoon,0.8009997750681715
product,real_world,TV,0.7478119600195192
product,real_world,Table,0.7153241870271622
product,real_world,Telephone,0.8097788187285894
product,real_world,ToothBrush,0.7696381559031823
product,real_world,Toys,0.7517391584408668
product,real_world,Trash_Can,0.7224603207562831
product,real_world,Webcam,0.6376725642846282
