class,n,base,pooled,weighted_source,combined,student_post_update,student_temporal
Alarm_Clock,79,0.9873417615890503,0.9746835231781006,0.9746835231781006,0.9746835231781006,0.9746835231781006,0.9746835231781006
Backpack,99,0.9797979593276978,0.9494949579238892,0.9494949579238892,0.9696969985961914,0.9494949579238892,0.9696969985961914
Batteries,62,0.9032257795333862,0.9032257795333862,0.9032257795333862,0.9032257795333862,0.9032257795333862,0.9193548560142517
Bed,43,0.9767441749572754,0.9534883499145508,0.9534883499145508,0.9534883499145508,0.9534883499145508,0.930232584476471
Bike,44,0.9772727489471436,1.0,1.0,1.0,1.0,1.0
Bottle,62,0.5967742204666138,0.6612903475761414,0.6612903475761414,0.6290322542190552,0.6612903475761414,0.6290322542190552
Bucket,47,0.8085106611251831,0.8510638475418091,0.8510638475418091,0.8723404407501221,0.8510638475418091,0.8936170339584351
Calculator,81,1.0,1.0,1.0,1.0,1.0,1.0
Calendar,81,0.9135802388191223,0.8271604776382446,0.8271604776382446,0.8518518805503845,0.8271604776382446,0.9012345671653748
Candles,56,0.9285714030265808,0.9107142686843872,0.9107142686843872,0.9107142686843872,0.9107142686843872,0.9107142686843872
Chair,99,0.8383838534355164,0.8282828330993652,0.8282828330993652,0.808080792427063,0.8282828330993652,0.8484848737716675
Clipboards,65,0.4153846204280853,0.446153849363327,0.446153849363327,0.4153846204280853,0.446153849363327,0.4307692348957062
Computer,96,0.65625,0.625,0.625,0.625,0.625,0.625
Couch,88,0.9318181872367859,0.9204545617103577,0.9204545617103577,0.9431818127632141,0.9204545617103577,0.9090909361839294
Curtains,75,0.9066666960716248,0.9200000166893005,0.9200000166893005,0.9200000166893005,0.9200000166893005,0.8933333158493042
Desk_Lamp,83,0.759036123752594,0.7228915691375732,0.7228915691375732,0.7951807379722595,0.7228915691375732,0.8313252925872803
Drill,67,0.9104477763175964,0.9701492786407471,0.9701492786407471,0.9850746393203735,0.9701492786407471,0.9701492786407471
Eraser,41,0.7804877758026123,0.7317073345184326,0.7317073345184326,0.7560975551605225,0.7317073345184326,0.6585366129875183
Exit_Sign,67,0.9850746393203735,0.9701492786407471,0.9701492786407471,0.9701492786407471,0.9701492786407471,0.9850746393203735
Fan,58,0.8275862336158752,0.7068965435028076,0.7068965435028076,0.8275862336158752,0.7068965435028076,0.8275862336158752
File_Cabinet,71,0.9718309640884399,0.9295774698257446,0.9295774698257446,0.9577465057373047,0.9295774698257446,0.9014084339141846
Flipflops,99,0.9595959782600403,0.9090909361839294,0.9090909361839294,0.9292929172515869,0.9090909361839294,0.9191918969154358
Flowers,91,1.0,1.0,1.0,1.0,1.0,1.0
Folder,90,0.5333333611488342,0.17777778208255768,0.17777778208255768,0.2222222238779068,0.17777778208255768,0.5222222208976746
Fork,41,0.8536585569381714,0.8048780560493469,0.8048780560493469,0.8048780560493469,0.8048780560493469,0.7317073345184326
Glasses,67,0.9701492786407471,0.9552238583564758,0.9552238583564758,0.9552238583564758,0.9552238583564758,0.9701492786407471
Hammer,57,0.5438596606254578,0.4736842215061188,0.4736842215061188,0.5087719559669495,0.4736842215061188,0.5263158082962036
Helmet,90,0.9111111164093018,0.9333333373069763,0.9333333373069763,0.9333333373069763,0.9333333373069763,0.8888888955116272
Kettle,72,0.9861111044883728,0.9861111044883728,0.9861111044883728,0.9861111044883728,0.9861111044883728,0.9861111044883728
Keyboard,99,0.9797979593276978,0.9797979593276978,0.9797979593276978,0.9898989796638489,0.9797979593276978,0.9898989796638489
Knives,41,0.8780487775802612,0.8536585569381714,0.8536585569381714,0.8780487775802612,0.8536585569381714,0.9024389982223511
Lamp_Shade,54,0.5370370149612427,0.46296295523643494,0.46296295523643494,0.5185185074806213,0.46296295523643494,0.6111111044883728
Laptop,99,0.939393937587738,0.8989899158477783,0.8989899158477783,0.9191918969154358,0.8989899158477783,0.9292929172515869
Marker,56,0.125,0.25,0.25,0.3035714328289032,0.25,0.4821428656578064
Monitor,98,0.9795918464660645,0.8877550959587097,0.8877550959587097,0.9489796161651611,0.8877550959587097,0.9693877696990967
Mop,72,0.7916666865348816,0.7083333134651184,0.7083333134651184,0.7638888955116272,0.7222222089767456,0.8472222089767456
Mouse,96,0.5208333134651184,0.5729166865348816,0.5729166865348816,0.59375,0.5520833134651184,0.9479166865348816
Mug,41,0.8536585569381714,0.8780487775802612,0.8780487775802612,0.8780487775802612,0.8780487775802612,0.8536585569381714
Notebook,93,0.698924720287323,0.8817204236984253,0.8817204236984253,0.8709677457809448,0.8817204236984253,0.8064516186714172
Oven,68,1.0,1.0,1.0,1.0,1.0,0.970588207244873
Pan,70,0.8857142925262451,0.8714285492897034,0.8714285492897034,0.8857142925262451,0.8714285492897034,0.8857142925262451
Paper_Clip,47,0.936170220375061,0.936170220375061,0.936170220375061,0.936170220375061,0.936170220375061,0.978723406791687
Pen,60,0.7833333611488342,0.75,0.75,0.8166666626930237,0.75,0.6833333373069763
Pencil,40,0.675000011920929,0.6499999761581421,0.6499999761581421,0.6499999761581421,0.6499999761581421,0.800000011920929
Postit_Notes,38,0.7631579041481018,0.9736841917037964,0.9736841917037964,0.9473684430122375,0.9736841917037964,0.8157894611358643
Printer,99,0.9898989796638489,0.9898989796638489,0.9898989796638489,0.9898989796638489,0.9898989796638489,0.9797979593276978
Push_Pin,43,0.7906976938247681,0.604651153087616,0.604651153087616,0.7209302186965942,0.604651153087616,0.6744186282157898
Radio,43,0.7441860437393188,0.7209302186965942,0.7209302186965942,0.6976743936538696,0.7209302186965942,0.6976743936538696
Refrigerator,59,0.8135592937469482,0.8813559412956238,0.8813559412956238,0.8813559412956238,0.8813559412956238,0.8813559412956238
Ruler,58,0.931034505367279,0.8793103694915771,0.8793103694915771,0.9137930870056152,0.8793103694915771,0.8965517282485962
Scissors,99,0.939393937587738,0.868686854839325,0.868686854839325,0.8787878751754761,0.868686854839325,0.8888888955116272
Screwdriver,40,0.8999999761581421,0.875,0.875,0.925000011920929,0.875,0.8500000238418579
Shelf,49,0.3265306055545807,0.4285714328289032,0.4285714328289032,0.4285714328289032,0.4285714328289032,0.5306122303009033
Sink,46,0.9347826242446899,0.9347826242446899,0.9347826242446899,0.95652174949646,0.97826087474823,0.97826087474823
Sneakers,99,0.808080792427063,0.8181818127632141,0.8181818127632141,0.8383838534355164,0.8181818127632141,0.8383838534355164
Soda,43,0.8139534592628479,0.9534883499145508,0.9534883499145508,0.9069767594337463,0.9534883499145508,0.9534883499145508
Speaker,99,0.6565656661987305,0.8383838534355164,0.8383838534355164,0.8585858345031738,0.8383838534355164,0.8585858345031738
Spoon,47,0.7234042286872864,0.7234042286872864,0.7234042286872864,0.7234042286872864,0.7234042286872864,0.8723404407501221
TV,76,0.6184210777282715,0.8421052694320679,0.8421052694320679,0.8157894611358643,0.8421052694320679,0.75
Table,60,0.8666666746139526,0.7833333611488342,0.7833333611488342,0.8666666746139526,0.7833333611488342,0.8833333253860474
Telephone,58,0.43103447556495667,0.5,0.5,0.4655172526836395,0.5,0.6206896305084229
ToothBrush,42,0.9523809552192688,0.9047619104385376,0.9047619104385376,0.9523809552192688,0.9047619104385376,0.9285714030265808
Toys,45,0.7333333492279053,0.7777777910232544,0.7777777910232544,0.8444444537162781,0.7777777910232544,0.8222222328186035
Trash_Can,93,0.6236559152603149,0.8602150678634644,0.8494623899459839,0.8387096524238586,0.8602150678634644,0.8817204236984253
Webcam,98,0.918367326259613,0.9387755393981934,0.9387755393981934,0.9285714030265808,0.9387755393981934,0.918367326259613
