class,n,base,pooled,weighted_source,combined,student_post_update,student_temporal
Alarm_Clock,86,0.9767441749572754,0.9651162624359131,0.9651162624359131,0.9767441749572754,0.9651162624359131,0.9651162624359131
Backpack,99,1.0,1.0,1.0,1.0,1.0,1.0
Batteries,64,0.984375,0.921875,0.921875,0.96875,0.921875,0.9375
Bed,83,0.9397590160369873,0.8554216623306274,0.8554216623306274,0.9397590160369873,0.8554216623306274,0.9277108311653137
Bike,99,0.939393937587738,0.9898989796638489,0.9898989796638489,0.9898989796638489,0.9898989796638489,0.9898989796638489
Bottle,78,0.8846153616905212,0.7179487347602844,0.7307692170143127,0.7948718070983887,0.7307692170143127,0.7435897588729858
Bucket,80,0.862500011920929,0.862500011920929,0.862500011920929,0.862500011920929,0.862500011920929,0.8374999761581421
Calculator,73,1.0,1.0,1.0,1.0,1.0,1.0
Calendar,68,1.0,1.0,1.0,1.0,1.0,1.0
Candles,99,1.0,0.9898989796638489,0.9898989796638489,1.0,0.9898989796638489,1.0
Chair,96,0.8229166865348816,0.875,0.875,0.8854166865348816,0.875,0.9166666865348816
Clipboards,65,0.4923076927661896,0.5538461804389954,0.5538461804389954,0.6153846383094788,0.5538461804389954,0.5230769515037537
Computer,64,0.28125,0.46875,0.46875,0.4375,0.46875,0.53125
Couch,76,0.8026315569877625,0.7631579041481018,0.7631579041481018,0.8157894611358643,0.7631579041481018,0.8289473652839661
Curtains,73,0.9863013625144958,0.9863013625144958,0.9863013625144958,0.9863013625144958,0.9863013625144958,1.0
Desk_Lamp,62,0.7096773982048035,0.7419354915618896,0.7419354915618896,0.7419354915618896,0.7419354915618896,0.774193525314331
Drill,51,0.6078431606292725,0.6274510025978088,0.6274510025978088,0.6666666865348816,0.6274510025978088,0.6274510025978088
Eraser,43,0.6976743936538696,0.6744186282157898,0.6744186282157898,0.7441860437393188,0.6744186282157898,0.6279069781303406
Exit_Sign,81,1.0,1.0,1.0,1.0,1.0,0.9876543283462524
Fan,60,0.6166666746139526,0.7833333611488342,0.7833333611488342,0.7666666507720947,0.7833333611488342,0.800000011920929
File_Cabinet,58,0.9137930870056152,0.8793103694915771,0.8793103694915771,0.9137930870056152,0.8620689511299133,0.8275862336158752
Flipflops,85,0.9764705896377563,0.9529411792755127,0.9529411792755127,0.9529411792755127,0.9529411792755127,0.9647058844566345
Flowers,75,1.0,1.0,1.0,1.0,1.0,1.0
Folder,57,0.5964912176132202,0.6666666865348816,0.6666666865348816,0.6842105388641357,0.6666666865348816,0.719298243522644
Fork,36,0.8888888955116272,0.7222222089767456,0.7222222089767456,0.8055555820465088,0.75,0.6944444179534912
Glasses,60,1.0,1.0,1.0,1.0,1.0,1.0
Hammer,52,0.7307692170143127,0.75,0.75,0.75,0.75,0.8653846383094788
Helmet,60,0.9666666388511658,0.949999988079071,0.949999988079071,0.9666666388511658,0.949999988079071,0.9666666388511658
Kettle,72,0.9583333134651184,0.9166666865348816,0.9166666865348816,0.9166666865348816,0.9166666865348816,0.875
Keyboard,75,1.0,0.9599999785423279,0.9599999785423279,0.9866666793823242,0.9599999785423279,1.0
Knives,83,0.9036144614219666,0.8554216623306274,0.8554216623306274,0.8554216623306274,0.8554216623306274,0.891566276550293
Lamp_Shade,78,0.7692307829856873,0.8333333134651184,0.8333333134651184,0.8461538553237915,0.8333333134651184,0.807692289352417
Laptop,67,0.9402984976768494,0.9253731369972229,0.9253731369972229,0.9552238583564758,0.9253731369972229,0.9552238583564758
Marker,23,0.17391304671764374,0.3913043439388275,0.3913043439388275,0.30434781312942505,0.3913043439388275,0.43478259444236755
Monitor,71,0.7464788556098938,0.6619718074798584,0.6619718074798584,0.7042253613471985,0.6619718074798584,0.6197183132171631
Mop,46,0.760869562625885,0.760869562625885,0.760869562625885,0.739130437374115,0.760869562625885,0.760869562625885
Mouse,60,0.30000001192092896,0.800000011920929,0.800000011920929,0.7666666507720947,0.800000011920929,0.8666666746139526
Mug,58,0.8793103694915771,0.8793103694915771,0.8793103694915771,0.8793103694915771,0.8793103694915771,0.8793103694915771
Notebook,68,0.779411792755127,0.6911764740943909,0.6911764740943909,0.75,0.6911764740943909,0.75
Oven,64,0.828125,0.84375,0.84375,0.859375,0.859375,0.859375
Pan,30,0.9333333373069763,0.6000000238418579,0.6000000238418579,0.699999988079071,0.6000000238418579,0.7666666507720947
Paper_Clip,68,0.6617646813392639,0.5882353186607361,0.5882353186607361,0.6323529481887817,0.5882353186607361,0.6470588445663452
Pen,65,0.8769230842590332,0.8769230842590332,0.8769230842590332,0.892307698726654,0.8769230842590332,0.8769230842590332
Pencil,59,0.5423728823661804,0.6101694703102112,0.6101694703102112,0.5762711763381958,0.6101694703102112,0.6271186470985413
Postit_Notes,67,0.9104477763175964,0.7910447716712952,0.7910447716712952,0.8358209133148193,0.7910447716712952,0.8208954930305481
Printer,52,0.942307710647583,0.9230769276618958,0.9230769276618958,0.942307710647583,0.9230769276618958,0.9807692170143127
Push_Pin,53,0.5283018946647644,0.849056601524353,0.849056601524353,0.8679245114326477,0.849056601524353,0.8113207817077637
Radio,66,0.8636363744735718,0.7878788113594055,0.7878788113594055,0.8636363744735718,0.8030303120613098,0.8333333134651184
Refrigerator,75,0.7733333110809326,0.8533333539962769,0.8533333539962769,0.8399999737739563,0.8533333539962769,0.8533333539962769
Ruler,41,0.8780487775802612,0.9512194991111755,0.9512194991111755,0.9512194991111755,0.9512194991111755,0.9756097793579102
Scissors,77,0.9610389471054077,0.948051929473877,0.948051929473877,0.948051929473877,0.948051929473877,0.9350649118423462
Screwdriver,51,0.7450980544090271,0.7058823704719543,0.7058823704719543,0.7254902124404907,0.7058823704719543,0.7843137383460999
Shelf,66,0.6818181872367859,0.7575757503509521,0.7575757503509521,0.7727272510528564,0.7575757503509521,0.7727272510528564
Sink,77,0.8441558480262756,0.8441558480262756,0.8441558480262756,0.8831169009208679,0.8441558480262756,0.8961039185523987
Sneakers,88,0.9545454382896423,1.0,1.0,1.0,1.0,0.9886363744735718
Soda,63,0.6666666865348816,0.8730158805847168,0.8730158805847168,0.8253968358039856,0.8730158805847168,0.8888888955116272
Speaker,81,0.7777777910232544,0.8395061492919922,0.8395061492919922,0.8148148059844971,0.8395061492919922,0.8641975522041321
Spoon,54,0.6481481194496155,0.7037037014961243,0.7037037014961243,0.7037037014961243,0.7037037014961243,0.7592592835426331
TV,53,0.43396225571632385,0.6037735939025879,0.6037735939025879,0.5471698045730591,0.6037735939025879,0.6226415038108826
Table,59,0.8813559412956238,0.9491525292396545,0.9491525292396545,0.9322034120559692,0.9491525292396545,0.8983050584793091
Telephone,82,0.8658536672592163,0.8780487775802612,0.8780487775802612,0.8902438879013062,0.8780487775802612,0.8902438879013062
ToothBrush,85,0.8588235378265381,0.7764706015586853,0.7764706015586853,0.8117647171020508,0.7764706015586853,0.8117647171020508
Toys,67,0.7910447716712952,0.7910447716712952,0.7910447716712952,0.8208954930305481,0.7910447716712952,0.8507462739944458
Trash_Can,81,0.7654321193695068,0.8518518805503845,0.8518518805503845,0.8271604776382446,0.8518518805503845,0.8765432238578796
Webcam,49,0.8775510191917419,0.8979591727256775,0.8979591727256775,0.918367326259613,0.8979591727256775,0.918367326259613
