a,b,class,cosine
art,clipart,Alarm_Clock,0.9997936902579372
art,clipart,Backpack,0.9997765132427165
art,clipart,Batteries,0.9998431221203143
art,clipart,Bed,0.9997326538970133
art,clipart,Bike,0.9997554508916532
art,clipart,Bottle,0.9998141570900387
art,clipart,Bucket,0.9997953114442617
art,clipart,Calculator,0.9996626724709932
art,clipart,Calendar,0.9997539219106981
art,clipart,Candles,0.9997806950543684
art,clipart,Chair,0.9997170068373226
art,clipart,Clipboards,0.9998184898069583
art,clipart,Computer,0.9998386755060251
art,clipart,Couch,0.9997271210146651
art,clipart,Curtains,0.9998048927449145
art,clipart,Desk_Lamp,0.9998097680003171
art,clipart,Drill,0.9997917694413183
art,clipart,Eraser,0.9997306682847857
art,clipart,Exit_Sign,0.9997475436921608
art,clipart,Fan,0.999758391815425
art,clipart,File_Cabinet,0.9998367254334135
art,clipart,Flipflops,0.9998522387030436
art,clipart,Flowers,0.9996933523712319
art,clipart,Folder,0.9997903159153549
art,clipart,Fork,0.9998044759803923
art,clipart,Glasses,0.9997926123926372
art,clipart,Hammer,0.9997408052050467
art,clipart,Helmet,0.9997961862369673
art,clipart,Kettle,0.9998528667735347
art,clipart,Keyboard,0.9997090190112751
art,clipart,Knives,0.9997966424449829
art,clipart,Lamp_Shade,0.9997912173067791
art,clipart,Laptop,0.9997493366139879
art,clipart,Marker,0.9998215527098069
art,clipart,Monitor,0.9997725413569778
art,clipart,Mop,0.9998768658725885
art,clipart,Mouse,0.9997944096239193
art,clipart,Mug,0.9997077107318203
art,clipart,Notebook,0.9998626381298384
art,clipart,Oven,0.9998386948082989
art,clipart,Pan,0.9998298813591688
art,clipart,Paper_Clip,0.9998248393468928
art,clipart,Pen,0.9997657280753023
art,clipart,Pencil,0.9997282311886239
art,clipart,Postit_Notes,0.9998256896459183
art,clipart,Printer,0.9997202969985088
art,clipart,Push_Pin,0.9997932040439663
art,clipart,Radio,0.9998192271155388
art,clipart,Refrigerator,0.9998366394768091
art,clipart,Ruler,0.9997804252704979
art,clipart,Scissors,0.9998735918682015
art,clipart,Screwdriver,0.999859573093093
art,clipart,Shelf,0.9997186510165836
art,clipart,Sink,0.9997900474933995
art,clipart,Sneakers,0.9997769709952365
art,clipart,Soda,0.9998141145991255
art,clipart,Speaker,0.9997147185295009
art,clipart,Spoon,0.9998125833241865
art,clipart,TV,0.9997735207856067
art,clipart,Table,0.9998344955214181
art,clipart,Telephone,0.9997563758590005
art,clipart,ToothBrush,0.9997455060876083
art,clipart,Toys,0.9998068322731171
art,clipart,Trash_Can,0.9997884556764958
art,clipart,Webcam,0.9997531370055914
art,product,Alarm_Clock,0.9998985187201069
art,product,Backpack,0.9999072495432021
art,product,Batteries,0.9999077958523807
art,product,Bed,0.9998748979002827
art,product,Bike,0.9998747709890045
art,product,Bottle,0.999906239825867
art,product,Bucket,0.9999020714826963
art,product,Calculator,0.9998630360402022
art,product,Calendar,0.9998733153197548
art,product,Candles,0.9998918251014239
art,product,Chair,0.9998482096700857
art,product,Clipboards,0.9999127109128298
art,product,Computer,0.9999153762383847
art,product,Couch,0.9998915312335599
art,product,Curtains,0.9999020218967721
art,product,Desk_Lamp,0.9999072304528225
art,product,Drill,0.999900523696565
art,product,Eraser,0.9998146666619665
art,product,Exit_Sign,0.9998651492964533
art,product,Fan,0.9998807092896729
art,product,File_Cabinet,0.9999170534516247
art,product,Flipflops,0.9999353456963442
art,product,Flowers,0.9998566697465145
art,product,Folder,0.9999026076118506
art,product,Fork,0.9999006103363343
art,product,Glasses,0.9998700918537312
art,product,Hammer,0.9998629442293414
art,product,Helmet,0.9998834932191256
art,product,Kettle,0.9999238754092042
art,product,Keyboard,0.9998425290677031
art,product,Knives,0.9998680038989609
art,product,Lamp_Shade,0.9998741310793481
art,product,Laptop,0.9998717831591949
art,product,Marker,0.9999040026164727
art,product,Monitor,0.9998700665204499
art,product,Mop,0.9999336377048869
art,product,Mouse,0.9998744404256804
art,product,Mug,0.99985260617351
art,product,Notebook,0.999940355643635
art,product,Oven,0.9999172177056803
art,product,Pan,0.9999115057289762
art,product,Paper_Clip,0.9999205028615555
art,product,Pen,0.99987011614823
art,product,Pencil,0.999867593177625
art,product,Postit_Notes,0.9999210000338258
art,product,Printer,0.9998440399483864
art,product,Push_Pin,0.9998848550008658
art,product,Radio,0.9999089930913826
art,product,Refrigerator,0.9999133554603656
art,product,Ruler,0.999902591171254
art,product,Scissors,0.9999274651983096
art,product,Screwdriver,0.9999120047567949
art,product,Shelf,0.9998442881539007
art,product,Sink,0.9999139815817472
art,product,Sneakers,0.9998866558866276
art,product,Soda,0.9999022819429451
art,product,Speaker,0.9998722929373012
art,product,Spoon,0.9998882807507771
art,product,TV,0.9998858252776242
art,product,Table,0.9999181027490449
art,product,Telephone,0.9998761800872559
art,product,ToothBrush,0.9998824788986045
art,product,Toys,0.9999211012378175
art,product,Trash_Can,0.9999034491989274
art,product,Webcam,0.999899022679908
art,pooled,Alarm_Clock,0.9999221462870748
art,pooled,Backpack,0.9999176766747553
art,pooled,Batteries,0.9999391192939496
art,pooled,Bed,0.9999026166987073
art,pooled,Bike,0.9999050275331243
art,pooled,Bottle,0.9999294630490831
art,pooled,Bucket,0.9999222471486033
art,pooled,Calculator,0.9998848346990774
art,pooled,Calendar,0.999903263181752
art,pooled,Candles,0.9999140306400284
art,pooled,Chair,0.9998894564910428
art,pooled,Clipboards,0.9999350106608536
art,pooled,Computer,0.9999363817318695
art,pooled,Couch,0.9999073663193571
art,pooled,Curtains,0.9999283770454296
art,pooled,Desk_Lamp,0.9999304760132799
art,pooled,Drill,0.9999230741266785
art,pooled,Eraser,0.999882100934279
art,pooled,Exit_Sign,0.9999006859426535
art,pooled,Fan,0.9999082810541553
art,pooled,File_Cabinet,0.9999371703870894
art,pooled,Flipflops,0.9999472735836914
art,pooled,Flowers,0.9998883914436592
art,pooled,Folder,0.9999207754518971
art,pooled,Fork,0.9999264400834499
art,pooled,Glasses,0.9999156372004119
art,pooled,Hammer,0.9998984101588413
art,pooled,Helmet,0.9999199557175964
art,pooled,Kettle,0.9999445723746244
art,pooled,Keyboard,0.9998870737233237
art,pooled,Knives,0.9999147136313543
art,pooled,Lamp_Shade,0.9999144294688842
art,pooled,Laptop,0.9999017491711548
art,pooled,Marker,0.999929899621548
art,pooled,Monitor,0.9999075367363499
art,pooled,Mop,0.9999510415255385
art,pooled,Mouse,0.9999147366171461
art,pooled,Mug,0.999888953117252
art,pooled,Notebook,0.999950346856495
art,pooled,Oven,0.9999367776982322
art,pooled,Pan,0.9999337056710493
art,pooled,Paper_Clip,0.9999379137021754
art,pooled,Pen,0.9999074649583536
art,pooled,Pencil,0.9998972181068013
art,pooled,Postit_Notes,0.9999381486174815
art,pooled,Printer,0.9998871532190617
art,pooled,Push_Pin,0.9999170835351814
art,pooled,Radio,0.9999309256801898
art,pooled,Refrigerator,0.9999380130452808
art,pooled,Ruler,0.9999213863700304
art,pooled,Scissors,0.9999504399162155
art,pooled,Screwdriver,0.999940250181072
art,pooled,Shelf,0.9998861956963234
art,pooled,Sink,0.999927667543635
art,pooled,Sneakers,0.9999160653134777
art,pooled,Soda,0.9999282824094292
art,pooled,Speaker,0.999892208986251
art,pooled,Spoon,0.999923636578247
art,pooled,TV,0.9999102843907264
art,pooled,Table,0.9999353566589022
art,pooled,Telephone,0.9999072017234846
art,pooled,ToothBrush,0.9999082758095369
art,pooled,Toys,0.9999310722514273
art,pooled,Trash_Can,0.9999248524670369
art,pooled,Webcam,0.9999161900441104
art,real_world,Alarm_Clock,0.9999807369670596
art,real_world,Backpack,0.9999854118823281
art,real_world,Batteries,0.9999805694952205
art,real_world,Bed,0.9999789535494513
art,real_world,Bike,0.9999784357367502
art,real_world,Bottle,0.9999836737736292
art,real_world,Bucket,0.9999814058052368
art,real_world,Calculator,0.9999727720566789
art,real_world,Calendar,0.9999767747986527
art,real_world,Candles,0.9999818776910012
art,real_world,Chair,0.9999720751652432
art,real_world,Clipboards,0.9999839927022952
art,real_world,Computer,0.9999849433850546
art,real_world,Couch,0.9999808330156768
art,real_world,Curtains,0.999981056141102
art,real_world,Desk_Lamp,0.9999801790618581
art,real_world,Drill,0.9999811279900738
art,real_world,Eraser,0.9999678684663609
art,real_world,Exit_Sign,0.9999753576153723
art,real_world,Fan,0.999976415177544
art,real_world,File_Cabinet,0.9999834793659286
art,real_world,Flipflops,0.9999884113388415
art,real_world,Flowers,0.9999757596172272
art,real_world,Folder,0.9999845431576628
art,real_world,Fork,0.999979301319036
art,real_world,Glasses,0.9999737414575577
art,real_world,Hammer,0.9999767608458182
art,real_world,Helmet,0.9999740306769545
art,real_world,Kettle,0.9999834692178086
art,real_world,Keyboard,0.9999708044227877
art,real_world,Knives,0.9999728431029425
art,real_world,Lamp_Shade,0.9999771765010103
art,real_world,Laptop,0.9999765294506034
art,real_world,Marker,0.9999824853402713
art,real_world,Monitor,0.9999761766187645
art,real_world,Mop,0.9999877354020059
art,real_world,Mouse,0.9999773216036075
art,real_world,Mug,0.999971428778979
art,real_world,Notebook,0.9999892429203147
art,real_world,Oven,0.9999845111161633
art,real_world,Pan,0.9999812367886389
art,real_world,Paper_Clip,0.9999833978936442
art,real_world,Pen,0.9999776796912023
art,real_world,Pencil,0.9999770060288159
art,real_world,Postit_Notes,0.999985198518474
art,real_world,Printer,0.9999730497422735
art,real_world,Push_Pin,0.9999797271706614
art,real_world,Radio,0.9999828752694533
art,real_world,Refrigerator,0.9999811764596707
art,real_world,Ruler,0.999981302912521
art,real_world,Scissors,0.9999848635344141
art,real_world,Screwdriver,0.9999832154257055
art,real_world,Shelf,0.999970734433707
art,real_world,Sink,0.9999824813373599
art,real_world,Sneakers,0.9999777824077847
art,real_world,Soda,0.9999816493233192
art,real_world,Speaker,0.9999791357201426
art,real_world,Spoon,0.9999769495245446
art,real_world,TV,0.9999797917096317
art,real_world,Table,0.9999853627106958
art,real_world,Telephone,0.9999758821787659
art,real_world,ToothBrush,0.99997794384078
art,real_world,Toys,0.9999871013644059
art,real_world,Trash_Can,0.9999813562099243
art,real_world,Webcam,0.9999820045185348
clipart,product,Alarm_Clock,0.9999112573299619
clipart,product,Backpack,0.9999217740165308
clipart,product,Batteries,0.9999076916628566
clipart,product,Bed,0.9998796323484012
clipart,product,Bike,0.9999026391129308
clipart,product,Bottle,0.9999186950736128
clipart,product,Bucket,0.9999157392435712
clipart,product,Calculator,0.999841064393293
clipart,product,Calendar,0.9999062745181672
clipart,product,Candles,0.9999209118831386
clipart,product,Chair,0.9998742012571638
clipart,product,Clipboards,0.9999017275291235
clipart,product,Computer,0.9999376291366286
clipart,product,Couch,0.9998706520866502
clipart,product,Curtains,0.9999015629037937
clipart,product,Desk_Lamp,0.9999046680240569
clipart,product,Drill,0.9999053248350739
clipart,product,Eraser,0.9998897543347367
clipart,product,Exit_Sign,0.9999009025919401
clipart,product,Fan,0.9998991975443448
clipart,product,File_Cabinet,0.9999284722666818
clipart,product,Flipflops,0.9999328018736334
clipart,product,Flowers,0.9998603906095075
clipart,product,Folder,0.999921149772018
clipart,product,Fork,0.9999101077026813
clipart,product,Glasses,0.9998879710058892
clipart,product,Hammer,0.9998985277464714
clipart,product,Helmet,0.9998974654440326
clipart,product,Kettle,0.9999273349460532
clipart,product,Keyboard,0.9998756594286846
clipart,product,Knives,0.9999059405689973
clipart,product,Lamp_Shade,0.9999075469940722
clipart,product,Laptop,0.9999120660945808
clipart,product,Marker,0.9999260747519432
clipart,product,Monitor,0.999911911170582
clipart,product,Mop,0.9999499239585881
clipart,product,Mouse,0.9999067768812121
clipart,product,Mug,0.9998765696795758
clipart,product,Notebook,0.9999428915486286
clipart,product,Oven,0.9999417825611441
clipart,product,Pan,0.9999293913613361
clipart,product,Paper_Clip,0.999911353169541
clipart,product,Pen,0.9998973583887476
clipart,product,Pencil,0.9998893797023785
clipart,product,Postit_Notes,0.9999138143313577
clipart,product,Printer,0.9998923940859505
clipart,product,Push_Pin,0.9999166204454412
clipart,product,Radio,0.9999240361198808
clipart,product,Refrigerator,0.9999178847298289
clipart,product,Ruler,0.9999006953266241
clipart,product,Scissors,0.9999356180806773
clipart,product,Screwdriver,0.999940951843084
clipart,product,Shelf,0.9998921965573747
clipart,product,Sink,0.9998951887836068
clipart,product,Sneakers,0.9998998550465362
clipart,product,Soda,0.9999171777220389
clipart,product,Speaker,0.9998996090995205
clipart,product,Spoon,0.9999163883264381
clipart,product,TV,0.9999244641355396
clipart,product,Table,0.999941971707551
clipart,product,Telephone,0.9998976204570605
clipart,product,ToothBrush,0.9998771517384212
clipart,product,Toys,0.9999229959558046
clipart,product,Trash_Can,0.9998974923000843
clipart,product,Webcam,0.999878016035812
clipart,pooled,Alarm_Clock,0.9999567904405406
clipart,pooled,Backpack,0.9999570307069201
clipart,pooled,Batteries,0.9999629019522569
clipart,pooled,Bed,0.9999415440061522
clipart,pooled,Bike,0.9999516929643283
clipart,pooled,Bottle,0.9999613107463872
clipart,pooled,Bucket,0.9999587223136394
clipart,pooled,Calculator,0.9999230019709473
clipart,pooled,Calendar,0.9999526226325899
clipart,pooled,Candles,0.9999586159199026
clipart,pooled,Chair,0.9999412416325605
clipart,pooled,Clipboards,0.9999562509324106
clipart,pooled,Computer,0.9999684866083777
clipart,pooled,Couch,0.9999377753514475
clipart,pooled,Curtains,0.9999554602245717
clipart,pooled,Desk_Lamp,0.9999569147047351
clipart,pooled,Drill,0.9999554828910352
clipart,pooled,Eraser,0.9999496128904227
clipart,pooled,Exit_Sign,0.9999507578476883
clipart,pooled,Fan,0.9999506973993486
clipart,pooled,File_Cabinet,0.9999660153256038
clipart,pooled,Flipflops,0.999967697592806
clipart,pooled,Flowers,0.999933228962604
clipart,pooled,Folder,0.9999591700791888
clipart,pooled,Fork,0.9999577488666158
clipart,pooled,Glasses,0.9999531586116087
clipart,pooled,Hammer,0.9999491172216036
clipart,pooled,Helmet,0.9999553505687893
clipart,pooled,Kettle,0.9999670833412607
clipart,pooled,Keyboard,0.9999400984304259
clipart,pooled,Knives,0.9999589055056792
clipart,pooled,Lamp_Shade,0.9999579198582166
clipart,pooled,Laptop,0.9999530778349236
clipart,pooled,Marker,0.9999645914435527
clipart,pooled,Monitor,0.999957095908783
clipart,pooled,Mop,0.9999758670008477
clipart,pooled,Mouse,0.9999580541287623
clipart,pooled,Mug,0.9999400073642533
clipart,pooled,Notebook,0.9999711978529542
clipart,pooled,Oven,0.9999695082488135
clipart,pooled,Pan,0.9999660761907744
clipart,pooled,Paper_Clip,0.9999595517984579
clipart,pooled,Pen,0.9999522389985647
clipart,pooled,Pencil,0.9999452442223624
clipart,pooled,Postit_Notes,0.999960203844093
clipart,pooled,Printer,0.9999464369513373
clipart,pooled,Push_Pin,0.9999598215593813
clipart,pooled,Radio,0.9999630581254313
clipart,pooled,Refrigerator,0.9999637663416473
clipart,pooled,Ruler,0.9999522277827742
clipart,pooled,Scissors,0.999972038494642
clipart,pooled,Screwdriver,0.9999730003831436
clipart,pooled,Shelf,0.9999468989750296
clipart,pooled,Sink,0.999951291393995
clipart,pooled,Sneakers,0.9999524811201789
clipart,pooled,Soda,0.9999615627101233
clipart,pooled,Speaker,0.9999462260185901
clipart,pooled,Spoon,0.9999619274763345
clipart,pooled,TV,0.9999589670355515
clipart,pooled,Table,0.9999691536765509
clipart,pooled,Telephone,0.9999499596014512
clipart,pooled,ToothBrush,0.9999433040337129
clipart,pooled,Toys,0.9999603498750971
clipart,pooled,Trash_Can,0.9999520966907662
clipart,pooled,Webcam,0.9999424472094891
clipart,real_world,Alarm_Clock,0.999830848831714
clipart,real_world,Backpack,0.9998213177999556
clipart,real_world,Batteries,0.9998539487001668
clipart,real_world,Bed,0.999772321704478
clipart,real_world,Bike,0.9998047201860403
clipart,real_world,Bottle,0.9998515447367962
clipart,real_world,Bucket,0.9998267637326447
clipart,real_world,Calculator,0.9997148129746005
clipart,real_world,Calendar,0.9998090344029702
clipart,real_world,Candles,0.9998221550159081
clipart,real_world,Chair,0.9997582186161124
clipart,real_world,Clipboards,0.9998409912808394
clipart,real_world,Computer,0.9998719178648274
clipart,real_world,Couch,0.999756830870683
clipart,real_world,Curtains,0.999822712893022
clipart,real_world,Desk_Lamp,0.9998334487984599
clipart,real_world,Drill,0.9998156693203384
clipart,real_world,Eraser,0.9997887720771297
clipart,real_world,Exit_Sign,0.9997973315183922
clipart,real_world,Fan,0.9997938781523835
clipart,real_world,File_Cabinet,0.9998664262873729
clipart,real_world,Flipflops,0.9998760509953383
clipart,real_world,Flowers,0.9997401313081817
clipart,real_world,Folder,0.9998283181517293
clipart,real_world,Fork,0.999834897969519
clipart,real_world,Glasses,0.9998209390857409
clipart,real_world,Hammer,0.9997928943738661
clipart,real_world,Helmet,0.999825639367077
clipart,real_world,Kettle,0.9998717021027055
clipart,real_world,Keyboard,0.9997641433849531
clipart,real_world,Knives,0.9998320907932114
clipart,real_world,Lamp_Shade,0.9998296938676718
clipart,real_world,Laptop,0.9998112637964276
clipart,real_world,Marker,0.9998538799646561
clipart,real_world,Monitor,0.9998232906127521
clipart,real_world,Mop,0.9999009924189325
clipart,real_world,Mouse,0.9998270542390302
clipart,real_world,Mug,0.9997515315340809
clipart,real_world,Notebook,0.9998834260961675
clipart,real_world,Oven,0.9998755230535882
clipart,real_world,Pan,0.9998627393024812
clipart,real_world,Paper_Clip,0.9998359709939928
clipart,real_world,Pen,0.9998065400261038
clipart,real_world,Pencil,0.999771113289941
clipart,real_world,Postit_Notes,0.9998470110886123
clipart,real_world,Printer,0.99977386561501
clipart,real_world,Push_Pin,0.9998437461516153
clipart,real_world,Radio,0.9998400438742027
clipart,real_world,Refrigerator,0.9998596185091181
clipart,real_world,Ruler,0.999803893187931
clipart,real_world,Scissors,0.9998945302027042
clipart,real_world,Screwdriver,0.9998909534235221
clipart,real_world,Shelf,0.9997743542406821
clipart,real_world,Sink,0.9998036238067776
clipart,real_world,Sneakers,0.9998135916800779
clipart,real_world,Soda,0.9998476871188602
clipart,real_world,Speaker,0.9997672241600687
clipart,real_world,Spoon,0.9998479827373938
clipart,real_world,TV,0.9998311361301202
clipart,real_world,Table,0.9998733452596447
clipart,real_world,Telephone,0.99979741969919
clipart,real_world,ToothBrush,0.9997717049597588
clipart,real_world,Toys,0.9998387453611381
clipart,real_world,Trash_Can,0.9998089468200495
clipart,real_world,Webcam,0.9997783106568242
product,pooled,Alarm_Clock,0.999984455676427
product,pooled,Backpack,0.9999891320275253
product,pooled,Batteries,0.999980402382529
product,pooled,Bed,0.9999796966301497
product,pooled,Bike,0.9999821958451655
product,pooled,Bottle,0.999985048867495
product,pooled,Bucket,0.9999855111197443
product,pooled,Calculator,0.9999751305131418
product,pooled,Calendar,0.9999830935833499
product,pooled,Candles,0.9999867819658449
product,pooled,Chair,0.9999758955095187
product,pooled,Clipboards,0.9999825866327128
product,pooled,Computer,0.9999886943972313
product,pooled,Couch,0.9999798556967778
product,pooled,Curtains,0.9999818150457083
product,pooled,Desk_Lamp,0.9999826253716948
product,pooled,Drill,0.9999830839029017
product,pooled,Eraser,0.9999734691954225
product,pooled,Exit_Sign,0.9999811264868138
product,pooled,Fan,0.9999820376741108
product,pooled,File_Cabinet,0.9999871591427765
product,pooled,Flipflops,0.9999889646174807
product,pooled,Flowers,0.9999758506430341
product,pooled,Folder,0.9999870427079993
product,pooled,Fork,0.9999834702940541
product,pooled,Glasses,0.9999760605500767
product,pooled,Hammer,0.9999811003194675
product,pooled,Helmet,0.9999790921316323
product,pooled,Kettle,0.9999865019462122
product,pooled,Keyboard,0.9999760412745685
product,pooled,Knives,0.9999784917212392
product,pooled,Lamp_Shade,0.9999804370758838
product,pooled,Laptop,0.9999844236138384
product,pooled,Marker,0.9999855819323802
product,pooled,Monitor,0.9999818695769053
product,pooled,Mop,0.9999904110240997
product,pooled,Mouse,0.9999805219389706
product,pooled,Mug,0.9999773938145764
product,pooled,Notebook,0.9999910287392835
product,pooled,Oven,0.9999895607473193
product,pooled,Pan,0.9999867220371258
product,pooled,Paper_Clip,0.9999846731836908
product,pooled,Pen,0.9999795717007882
product,pooled,Pencil,0.999980443270382
product,pooled,Postit_Notes,0.9999851517959305
product,pooled,Printer,0.9999790852978248
product,pooled,Push_Pin,0.9999834173415991
product,pooled,Radio,0.9999862363701945
product,pooled,Refrigerator,0.9999840003105892
product,pooled,Ruler,0.9999834057699177
product,pooled,Scissors,0.9999868785360728
product,pooled,Screwdriver,0.9999872669916122
product,pooled,Shelf,0.9999787583557366
product,pooled,Sink,0.9999832038704376
product,pooled,Sneakers,0.9999815117490722
product,pooled,Soda,0.9999840260767335
product,pooled,Speaker,0.9999842780637801
product,pooled,Spoon,0.999982483196273
product,pooled,TV,0.9999869995789344
product,pooled,Table,0.9999901062768332
product,pooled,Telephone,0.9999813328817923
product,pooled,ToothBrush,0.9999783917722332
product,pooled,Toys,0.9999885117505565
product,pooled,Trash_Can,0.9999822625990782
product,pooled,Webcam,0.9999803875167428
product,real_world,Alarm_Clock,0.9999581002292033
product,real_world,Backpack,0.9999577876954062
product,real_world,Batteries,0.9999624139202774
product,real_world,Bed,0.9999438601465565
product,real_world,Bike,0.9999461399270975
product,real_world,Bottle,0.9999607231285231
product,real_world,Bucket,0.9999577949844567
product,real_world,Calculator,0.9999450217014274
product,real_world,Calendar,0.9999471614136697
product,real_world,Candles,0.9999515842537541
product,real_world,Chair,0.9999333478539453
product,real_world,Clipboards,0.9999634176790647
product,real_world,Computer,0.9999642915047557
product,real_world,Couch,0.9999501905774039
product,real_world,Curtains,0.9999576649564291
product,real_world,Desk_Lamp,0.9999623716894058
product,real_world,Drill,0.999955214089572
product,real_world,Eraser,0.9999220028307232
product,real_world,Exit_Sign,0.9999433095661429
product,real_world,Fan,0.9999481196130445
product,real_world,File_Cabinet,0.9999672684240944
product,real_world,Flipflops,0.9999728605631528
product,real_world,Flowers,0.9999376047317226
product,real_world,Folder,0.9999551567506899
product,real_world,Fork,0.9999597091080388
product,real_world,Glasses,0.9999480872966791
product,real_world,Hammer,0.9999402456777202
product,real_world,Helmet,0.9999540803464623
product,real_world,Kettle,0.9999691125160395
product,real_world,Keyboard,0.9999348981585889
product,real_world,Knives,0.9999473861532077
product,real_world,Lamp_Shade,0.9999480271378572
product,real_world,Laptop,0.9999488926102065
product,real_world,Marker,0.9999585922336907
product,real_world,Monitor,0.9999470256530654
product,real_world,Mop,0.9999726502440871
product,real_world,Mouse,0.9999460863903852
product,real_world,Mug,0.9999364204395045
product,real_world,Notebook,0.9999733277298155
product,real_world,Oven,0.9999653716963143
product,real_world,Pan,0.9999651929647393
product,real_world,Paper_Clip,0.999964717645923
product,real_world,Pen,0.9999438942396788
product,real_world,Pencil,0.9999392988297573
product,real_world,Postit_Notes,0.9999658839448743
product,real_world,Printer,0.9999301942622594
product,real_world,Push_Pin,0.9999527745026495
product,real_world,Radio,0.99995787945911
product,real_world,Refrigerator,0.9999667076796658
product,real_world,Ruler,0.9999552293924865
product,real_world,Scissors,0.9999718603949573
product,real_world,Screwdriver,0.9999655269554348
product,real_world,Shelf,0.9999348727067836
product,real_world,Sink,0.9999608822496563
product,real_world,Sneakers,0.9999540366978429
product,real_world,Soda,0.9999584031369451
product,real_world,Speaker,0.999940109392945
product,real_world,Spoon,0.9999567787379074
product,real_world,TV,0.9999524691579768
product,real_world,Table,0.9999658092619788
product,real_world,Telephone,0.9999482651439053
product,real_world,ToothBrush,0.9999476084010134
product,real_world,Toys,0.9999632734494943
product,real_world,Trash_Can,0.9999567852757025
product,real_world,Webcam,0.9999538337133067
pooled,real_world,Alarm_Clock,0.9999558498705603
pooled,real_world,Backpack,0.9999517997994946
pooled,real_world,Batteries,0.9999608942990003
pooled,real_world,Bed,0.9999407161725862
pooled,real_world,Bike,0.999947254590642
pooled,real_world,Bottle,0.9999616024157438
pooled,real_world,Bucket,0.999952575335637
pooled,real_world,Calculator,0.9999309157163155
pooled,real_world,Calendar,0.9999485314821338
pooled,real_world,Candles,0.9999501580234765
pooled,real_world,Chair,0.9999330224151327
pooled,real_world,Clipboards,0.9999608215823855
pooled,real_world,Computer,0.9999652761512341
pooled,real_world,Couch,0.9999377687353669
pooled,real_world,Curtains,0.9999534496465363
pooled,real_world,Desk_Lamp,0.9999572199144989
pooled,real_world,Drill,0.9999496827774358
pooled,real_world,Eraser,0.9999395378690323
pooled,real_world,Exit_Sign,0.9999449386156056
pooled,real_world,Fan,0.99994333814157
pooled,real_world,File_Cabinet,0.9999653182713353
pooled,real_world,Flipflops,0.9999687727123465
pooled,real_world,Flowers,0.9999329730172467
pooled,real_world,Folder,0.9999526796444744
pooled,real_world,Fork,0.999956939633499
pooled,real_world,Glasses,0.9999525092310579
pooled,real_world,Hammer,0.9999436029109214
pooled,real_world,Helmet,0.9999537861974325
pooled,real_world,Kettle,0.9999664644116776
pooled,real_world,Keyboard,0.9999379036838028
pooled,real_world,Knives,0.9999535540090321
pooled,real_world,Lamp_Shade,0.9999536291971023
pooled,real_world,Laptop,0.9999504096337862
pooled,real_world,Marker,0.9999598293076045
pooled,real_world,Monitor,0.9999517352165418
pooled,real_world,Mop,0.9999731168288339
pooled,real_world,Mouse,0.999951373239941
pooled,real_world,Mug,0.9999323772870417
pooled,real_world,Notebook,0.9999690389238096
pooled,real_world,Oven,0.9999663028993939
pooled,real_world,Pan,0.999963300214302
pooled,real_world,Paper_Clip,0.999956410891911
pooled,real_world,Pen,0.9999473502474737
pooled,real_world,Pencil,0.9999367256825689
pooled,real_world,Postit_Notes,0.9999610180008875
pooled,real_world,Printer,0.9999359220833993
pooled,real_world,Push_Pin,0.99995855417496
pooled,real_world,Radio,0.9999545385765066
pooled,real_world,Refrigerator,0.9999640421434963
pooled,real_world,Ruler,0.9999471105122898
pooled,real_world,Scissors,0.9999729676925027
pooled,real_world,Screwdriver,0.9999701873638552
pooled,real_world,Shelf,0.9999368051829786
pooled,real_world,Sink,0.9999481503841819
pooled,real_world,Sneakers,0.9999518986390954
pooled,real_world,Soda,0.9999592025844031
pooled,real_world,Speaker,0.9999342177670184
pooled,real_world,Spoon,0.9999594138086256
pooled,real_world,TV,0.9999539803154536
pooled,real_world,Table,0.9999658508953736
pooled,real_world,Telephone,0.9999459969850563
pooled,real_world,ToothBrush,0.9999393433902791
pooled,real_world,Toys,0.9999569999593098
pooled,real_world,Trash_Can,0.9999498130661534
pooled,real_world,Webcam,0.9999435507255554
