arm,target,step,source_source_text_cosine,source_target_text_cosine,source_pooled_text_cosine,pooled_target_text_cosine,target_domain_rms,class_rms,target_to_class_rms,common_energy_fraction,kl_teacher_to_student,kl_student_to_teacher,teacher_student_agreement,source_target_prompt_cosine,source_source_prompt_cosine,source_target_common_energy_fraction,teacher_base_accuracy,teacher_pooled_accuracy,teacher_combined_accuracy,student_live_accuracy,source_target_interval_movement_cosine,source_source_interval_movement_cosine,teacher_weighted_source_accuracy
r1_shared,art,0,0.9918111336500033,0.990962935643139,0.9965411964298309,0.9909296505577677,0.01996232196688652,0.020000072196125984,0.998112495351553,0.9956460678040538,0.8169394135475159,0.8768303990364075,0.4153275489807129,0.9929087431711784,0.9929297462693517,0.9946812369706209,0.7156984210014343,0.2587556540966034,0.6666666865348816,0.30943551659584045,,,
r1_shared,art,100,0.9997547197482722,0.9998197349487458,0.999918086978654,0.9999049845190477,26.2030029296875,0.0402834415435791,650.4658471481584,0.9984802655185311,0.04450996592640877,0.0446116179227829,0.9044087529182434,0.9988241296925405,0.9991065211580675,0.9981782137926999,0.7156984210014343,0.7099299430847168,0.7321796417236328,0.7107540369033813,0.9988243182500204,0.9991066455841064,0.7099299430847168
r1_shared,art,200,0.9998278306334173,0.9998702414042103,0.9999424953728541,0.9999300695778421,25.678251266479492,0.04493904486298561,571.4018031484594,0.9984757850852913,0.03851969540119171,0.03699551895260811,0.9245982766151428,0.9988021304356273,0.999092054030398,0.9981728265444643,0.7156984210014343,0.71405029296875,0.7297074794769287,0.7144622802734375,0.9986998637517294,0.9989742040634155,0.7161104083061218
r1_shared,art,300,0.9998634701684126,0.9998877524577082,0.9999544062012785,0.999935423535746,25.21052360534668,0.048969805240631104,514.8177225019688,0.9984586516623287,0.035840265452861786,0.03409458324313164,0.9134734272956848,0.9987868620657654,0.9990734234253994,0.9981522684311691,0.7156984210014343,0.7169345021247864,0.7358879446983337,0.7185826301574707,0.9987945954004923,0.9989172617594401,0.7177585363388062
r1_shared,art,400,0.999888314510462,0.999905716121149,0.9999627019431488,0.9999446076545632,25.3529052734375,0.052821747958660126,479.9709637265211,0.9985434172855838,0.03292454406619072,0.03143841773271561,0.9357231259346008,0.9988155728051616,0.9991130813191621,0.998253416738192,0.7156984210014343,0.7268232107162476,0.7445405721664429,0.7276473045349121,0.9988350669542948,0.9990432659784952,0.7255871295928955
r1_shared,art,500,0.9998884841040193,0.9999016333483741,0.9999627593809515,0.9999404754774365,24.423479080200195,0.05570348724722862,438.4551181113947,0.9984480731952333,0.03705770894885063,0.034873511642217636,0.9213020205497742,0.9987624639475591,0.999044770432552,0.9981393181887098,0.7156984210014343,0.7169345021247864,0.7334157228469849,0.7177585363388062,0.9989106257756551,0.9991349379221598,0.7173464894294739
r1_shared,art,600,0.999896777610561,0.9998957595596599,0.9999655367633342,0.9999319839105748,24.113828659057617,0.05942017585039139,405.8188706773877,0.9984265988740331,0.035455722361803055,0.03380126506090164,0.9361351132392883,0.9987610260368158,0.9990369630403221,0.9981137371059018,0.7156984210014343,0.7198187112808228,0.7367119789123535,0.7198187112808228,0.9989270369211832,0.9992126822471619,0.720230758190155
r1_shared,art,700,0.9998979111152142,0.9998958871020508,0.9999659138606057,0.9999315629499211,24.338394165039062,0.06280066072940826,387.54996973530075,0.9984908931047027,0.033443208783864975,0.03128459304571152,0.9340749979019165,0.9987763273946556,0.9990658070425602,0.998190590708657,0.7156984210014343,0.7280593514442444,0.7367119789123535,0.7292954325675964,0.9988496899604797,0.9990041057268778,0.7297074794769287
r1_shared,art,800,0.9998914296339941,0.9998705095007568,0.999963760973392,0.9999086101268725,24.0698299407959,0.06564885377883911,366.6450905888388,0.9984314240135375,0.032679133117198944,0.030261896550655365,0.9402554631233215,0.9987479475064817,0.9990314321644519,0.9981195454578843,0.7156984210014343,0.7247630953788757,0.7317675948143005,0.7239390015602112,0.9991240700085958,0.9992365837097168,0.7235270142555237
r1_shared,art,900,0.9998751994611662,0.9998485216448509,0.9999583458105459,0.9998923608724036,23.945606231689453,0.06860904395580292,349.0153025177688,0.998454587351966,0.03486707806587219,0.03248222544789314,0.9270704388618469,0.9987507745995007,0.9990432548853762,0.9981473839663526,0.7156984210014343,0.7247630953788757,0.7408323287963867,0.7247630953788757,0.9985277652740479,0.9987279176712036,0.7239390015602112
r1_shared,art,1000,0.9998561943935506,0.9998021106479972,0.9999520132010346,0.9998531284734374,23.63772201538086,0.07149893045425415,330.602456081557,0.998414901222467,0.03605546057224274,0.03377342224121094,0.9336629509925842,0.9987176707033911,0.9990153528066942,0.998099787379132,0.7156984210014343,0.7239390015602112,0.7433044910430908,0.7268232107162476,0.9988216757774353,0.9990938901901245,0.7218788862228394
r1_shared,clipart,0,0.9944644620641364,0.9920431582094218,0.9978041278206637,0.9935844151229403,0.020028626546263695,0.020000986754894257,1.0013819213875872,0.9955941161944352,0.6695042252540588,0.6787555813789368,0.2994272708892822,0.99075496703056,0.9950835200096457,0.994681235880466,0.5030927658081055,0.15784651041030884,0.44009163975715637,0.14249713718891144,,,
r1_shared,clipart,100,0.9997695265332123,0.9996583377632543,0.99992083171222,0.9997595955615863,23.0993709564209,0.039541348814964294,584.1826758241241,0.9983320670663041,0.0471721775829792,0.04623987525701523,0.8719358444213867,0.9985608368576901,0.9990583481880749,0.9979434198334277,0.5030927658081055,0.5255441069602966,0.5353952050209045,0.5262314081192017,0.9985607067743937,0.9990585048993429,0.5264604687690735
r1_shared,clipart,200,0.9998048508064356,0.9997176384930476,0.9999329188279061,0.9998053302168112,22.7858943939209,0.0431942455470562,527.5215275863018,0.99826923423801,0.038659900426864624,0.037243254482746124,0.8847652077674866,0.9985432085041896,0.9990340476383611,0.9978657563698409,0.5030927658081055,0.5353952050209045,0.5415807366371155,0.5372279286384583,0.9983682433764139,0.9988805452982584,0.5349370241165161
r1_shared,clipart,300,0.9998171890400682,0.9997511756742911,0.9999371613903515,0.99983348635453,22.30002212524414,0.04636572673916817,480.95918458678767,0.9981741349656741,0.0419977530837059,0.04024302959442139,0.8833906054496765,0.9985116216190745,0.9989990178197511,0.9977478181334114,0.5030927658081055,0.5321878790855408,0.5388315916061401,0.5333333611488342,0.9982795715332031,0.9989709456761678,0.5319587588310242
r1_shared,clipart,400,0.9998241374775532,0.99976414334183,0.9999394948854446,0.9998430000744087,22.078718185424805,0.04974927008152008,443.79984167096734,0.9981415127620399,0.03991692140698433,0.03763635456562042,0.8916380405426025,0.9984872789463474,0.9989782470492338,0.997707732910953,0.5030927658081055,0.5470790266990662,0.5491408705711365,0.5493699908256531,0.9973570903142294,0.9986057082811991,0.5475372076034546
r1_shared,clipart,500,0.9998267766335215,0.9997585772152089,0.9999404253735166,0.9998352908183054,21.5753231048584,0.05332057923078537,404.6340721745496,0.9980748745278972,0.039432868361473083,0.03745141625404358,0.8863688707351685,0.9984795470502394,0.9989591136252614,0.9976250973143413,0.5030927658081055,0.5269186496734619,0.5356242656707764,0.5278350710868835,0.9989335536956787,0.9993460774421692,0.5264604687690735
r1_shared,clipart,600,0.999828690544453,0.9997392885929163,0.9999410019368029,0.9998192872582267,21.7773380279541,0.05607909336686134,388.3325624665487,0.9981377250971459,0.04083395376801491,0.03851425275206566,0.8820160627365112,0.9984914324951547,0.9989812118743738,0.9977026299912463,0.5030927658081055,0.5333333611488342,0.5406643748283386,0.5344787836074829,0.9979386528333029,0.9989551305770874,0.5321878790855408
r1_shared,clipart,700,0.9998257740467924,0.9997417798491983,0.9999399267353567,0.9998225481905056,21.558895111083984,0.05949633568525314,362.3566873955837,0.9980694880712231,0.04030431807041168,0.038082581013441086,0.8916380405426025,0.9984529333119397,0.9989532129323108,0.9976188221552692,0.5030927658081055,0.5340206027030945,0.5381443500518799,0.5344787836074829,0.9978327949841818,0.9988029797871908,0.5337915420532227
r1_shared,clipart,800,0.9998091286020969,0.9996760253113046,0.9999341817855969,0.9997659397552542,21.3591365814209,0.0617540068924427,345.8745052547315,0.9980508657980767,0.03812459111213684,0.035617608577013016,0.8923253417015076,0.9984261270571274,0.9989474681737541,0.9975961390838627,0.5030927658081055,0.5292096138000488,0.5347079038619995,0.5303550958633423,0.9967271288235983,0.9986215829849243,0.528980553150177
r1_shared,clipart,900,0.9997796795612448,0.9995834606986281,0.9999240510994349,0.9996900284006092,21.4349308013916,0.06479335576295853,330.81988961660875,0.9980855464237116,0.03787779062986374,0.03593792766332626,0.8943871855735779,0.9984300617346386,0.9989562405032726,0.9976394377770847,0.5030927658081055,0.5321878790855408,0.536540687084198,0.5337915420532227,0.9972088932991028,0.9989370306332906,0.5326460599899292
r1_shared,clipart,1000,0.999777863720209,0.9995352816007816,0.9999233675728968,0.9996464627843472,21.446489334106445,0.06732398271560669,318.5564559467875,0.9980643608498457,0.03752449154853821,0.03494339436292648,0.8854525089263916,0.998386384982715,0.9989457669403589,0.9976137958054991,0.5030927658081055,0.5271477699279785,0.5353952050209045,0.528980553150177,0.9954436620076498,0.9983234206835429,0.5271477699279785
r1_shared,product,0,0.9928363917753593,0.9912618796673227,0.9967190735871347,0.9949612658044448,0.020085087046027184,0.019993988797068596,1.0045562818846805,0.9956735696593702,1.260506272315979,1.3265480995178223,0.31808966398239136,0.9932845104558004,0.9925539764785117,0.9946812356313615,0.818427562713623,0.31020501255989075,0.7686415910720825,0.2610948383808136,,,
r1_shared,product,100,0.9999036559010367,0.9999116371864444,0.9999672146368431,0.9999533525346311,24.560659408569336,0.04134036600589752,594.1084170630122,0.9985123249668878,0.03619920089840889,0.03730906918644905,0.9400765895843506,0.9992680860778784,0.9987899171354346,0.998147470416569,0.818427562713623,0.8127956986427307,0.8335210680961609,0.8125703930854797,0.9992683331171671,0.9987903634707133,0.8130209445953369
r1_shared,product,200,0.9999198123464373,0.9999259914144157,0.9999726586847957,0.99996138084169,23.79154396057129,0.046770550310611725,508.6864234559423,0.9984203237775789,0.03190145269036293,0.031809400767087936,0.9409776926040649,0.9992336395311953,0.9987401776964786,0.9980328559041943,0.818427562713623,0.823383629322052,0.8373507261276245,0.8242847323417664,0.999364415804545,0.998918890953064,0.8238341808319092
r1_shared,product,300,0.9999059985694047,0.999917180026185,0.9999678812758678,0.9999589408911965,23.63721466064453,0.05148216336965561,459.13405951733324,0.9984231419157413,0.03204905986785889,0.03162659704685211,0.9470601081848145,0.9992291365256819,0.9987275317269256,0.9980364855620286,0.818427562713623,0.8191034197807312,0.8369001746177673,0.8188781142234802,0.998945156733195,0.9982075293858846,0.8188781142234802
r1_shared,product,400,0.9999294660227774,0.9999350693559075,0.9999759239726417,0.9999665664556167,23.587961196899414,0.05595856532454491,421.52548157901236,0.9984357578588988,0.025283951312303543,0.024005893617868423,0.9470601081848145,0.99923167400534,0.9987277243412085,0.99805201191062,0.818427562713623,0.8346474170684814,0.8454607129096985,0.8357738256454468,0.9991116126378378,0.9985440174738566,0.8348727226257324
r1_shared,product,500,0.9999195801718632,0.9999273225836544,0.999972520513614,0.9999633410583667,23.22045135498047,0.05986282229423523,387.8943635642216,0.9984005662241904,0.029635772109031677,0.028665781021118164,0.9432304501533508,0.9992118891365167,0.9987037682380694,0.9980086729474691,0.818427562713623,0.8337463140487671,0.8472629189491272,0.8341968655586243,0.999319871266683,0.9988308548927307,0.8337463140487671
r1_shared,product,600,0.9999229986428156,0.9999262254349617,0.9999737067475903,0.999960923192645,23.17796516418457,0.06346990168094635,365.180417021862,0.9984145782396088,0.02712446264922619,0.02577541396021843,0.9522414803504944,0.9992066774894103,0.9986986201624423,0.9980260239970474,0.818427562713623,0.8436585068702698,0.8474881649017334,0.8432079553604126,0.9989288846651713,0.9981509645779928,0.8434332013130188
r1_shared,product,700,0.9999348424114523,0.9999392919559523,0.9999777576690474,0.9999684466698894,23.254467010498047,0.06750741600990295,344.4727762515269,0.9984799925158051,0.023962976410984993,0.02219989150762558,0.9551700353622437,0.9992248010200301,0.9987171090941195,0.9981074405985443,0.818427562713623,0.8366749286651611,0.8472629189491272,0.8364496231079102,0.999107559521993,0.9985007246335348,0.835999071598053
r1_shared,product,800,0.9999149063623628,0.999920331211205,0.99997089828415,0.9999589101800627,22.85285758972168,0.07091514021158218,322.256397174679,0.9984315951865586,0.03219275921583176,0.030426282435655594,0.9481865167617798,0.9991998816892048,0.9986832856208628,0.9980471960745447,0.818427562713623,0.8168506622314453,0.8373507261276245,0.8175264596939087,0.9991227785746256,0.9984870354334513,0.8170759081840515
r1_shared,product,900,0.9999131045687842,0.999920229799431,0.9999702831352434,0.9999594038997762,22.378562927246094,0.07479894906282425,299.18285226775254,0.9983862948994555,0.028840819373726845,0.02663317508995533,0.9522414803504944,0.9991808547720232,0.9986579983198784,0.9979910038442302,0.818427562713623,0.8371254801750183,0.8486145734786987,0.8373507261276245,0.9995077252388,0.9991040031115214,0.8373507261276245
r1_shared,product,1000,0.9999166493255078,0.9999228087672805,0.9999715480415491,0.9999597496703597,22.670034408569336,0.07841615378856659,289.09903525355924,0.9984618669644334,0.027773795649409294,0.026410605758428574,0.9502139687538147,0.9991976361545044,0.9986806442013805,0.9980850643628192,0.818427562713623,0.8188781142234802,0.8337463140487671,0.8191034197807312,0.9992764989535013,0.9987178643544515,0.818652868270874
r1_shared,real_world,0,0.9908391419194934,0.9942421640721953,0.9959358833431091,0.995583367231091,0.019956395030021667,0.020031295716762543,0.9962608166840552,0.9956039400175991,1.0672025680541992,1.1560029983520508,0.4287353456020355,0.9947287556926625,0.9911097323727948,0.9946812362834373,0.8253385424613953,0.3369290828704834,0.7886160016059875,0.36538901925086975,,,
r1_shared,real_world,100,0.9997190390979737,0.9998371005306669,0.999903549367101,0.9999081606888574,24.772872924804688,0.040367335081100464,613.6861121754622,0.9983307262576708,0.038673870265483856,0.038672465831041336,0.9352765679359436,0.9991564138488123,0.9983507840842196,0.9979899287442081,0.8253385424613953,0.822813868522644,0.8494377136230469,0.8230434060096741,0.999156653881073,0.998350977897644,0.8232728838920593
r1_shared,real_world,200,0.9997801263690286,0.9998725698215916,0.9999244289292645,0.999928183831954,24.764070510864258,0.04485665634274483,552.0712538546051,0.998264557515571,0.032283809036016464,0.031720396131277084,0.946293294429779,0.9991209141404132,0.9982971272833813,0.9979106385601709,0.8253385424613953,0.8290107846260071,0.8494377136230469,0.828781247138977,0.9991910457611084,0.9984835584958395,0.8283222317695618
r1_shared,real_world,300,0.9998004656537479,0.9998854057505864,0.9999313330238793,0.9999353196232413,24.551664352416992,0.04835343733429909,507.75427158725455,0.9981881027109865,0.02879897691309452,0.027663452550768852,0.9488179683685303,0.9990864393951258,0.9982489800727712,0.9978193253741624,0.8253385424613953,0.8400275707244873,0.853798508644104,0.8409456014633179,0.9992990891138712,0.9986235499382019,0.8402570486068726
r1_shared,real_world,400,0.9998324091197951,0.9999029204510532,0.9999423623081847,0.9999450390952667,24.464040756225586,0.051874443888664246,471.60102205108245,0.9981467359479071,0.032030411064624786,0.031440749764442444,0.9504246115684509,0.9990687052741309,0.9982263789033162,0.9977698067216902,0.8253385424613953,0.830846905708313,0.8464539647102356,0.8315354585647583,0.9990609486897787,0.9983107248942057,0.831076443195343
r1_shared,real_world,500,0.9998395122181684,0.9999079879125911,0.9999447523295452,0.9999480752592516,24.356576919555664,0.055792756378650665,436.55446513977597,0.9980801552723616,0.032306838780641556,0.03149610012769699,0.9490475058555603,0.9990410611394646,0.9981831117044261,0.9976898479013439,0.8253385424613953,0.8315354585647583,0.8517328500747681,0.8313059210777283,0.9992074569066366,0.9984978437423706,0.830846905708313
r1_shared,real_world,600,0.9998338468541328,0.9999058080493889,0.9999427372459414,0.9999473030501013,24.12358856201172,0.05898342281579971,408.98929581193795,0.9980586749417857,0.028429174795746803,0.027171282097697258,0.9520311951637268,0.99903589324753,0.9981808024745012,0.9976644932301407,0.8253385424613953,0.8377323746681213,0.8485196232795715,0.8386504650115967,0.9993691245714823,0.9987401962280273,0.8375028967857361
r1_shared,real_world,700,0.9998648648120995,0.9999226605820531,0.9999534726516136,0.9999565697905733,23.973085403442383,0.06263729929924011,382.72859257412483,0.9980331003775722,0.03031097911298275,0.028531217947602272,0.9488179683685303,0.9990158072946107,0.9981538066114429,0.9976338786615878,0.8253385424613953,0.8340601325035095,0.851503312587738,0.8345191478729248,0.9991122285525004,0.9983222881952921,0.8347486853599548
r1_shared,real_world,800,0.9998458826616076,0.9999116693484084,0.9999469222865475,0.9999503767055127,23.647464752197266,0.06548725813627243,361.10024186673473,0.9979627072057244,0.030022138729691505,0.028644055128097534,0.9524902105331421,0.9989875680045502,0.9981140284949374,0.9975493482192467,0.8253385424613953,0.837043821811676,0.8498967289924622,0.8375028967857361,0.9992242058118185,0.9984720945358276,0.837043821811676
r1_shared,real_world,900,0.9998432288847939,0.9999122345412627,0.9999458635109811,0.999951329150081,23.569927215576172,0.06882333010435104,342.4700196842999,0.9979760201247405,0.028345126658678055,0.026754889637231827,0.9492769837379456,0.9989871807539714,0.9981113926362616,0.997565551558204,0.8253385424613953,0.837273359298706,0.8494377136230469,0.8368143439292908,0.9987693627675375,0.9977114597956339,0.8377323746681213
r1_shared,real_world,1000,0.9998613078446689,0.9999181843786739,0.9999522533353478,0.9999521695553677,23.51177406311035,0.07193149626255035,326.8634087256054,0.9979783299636928,0.027329325675964355,0.02555585280060768,0.9554739594459534,0.9989795298897169,0.9981105789540257,0.9975683075335169,0.8253385424613953,0.8400275707244873,0.853568971157074,0.8407160639762878,0.9990285038948059,0.9982303182284037,0.8402570486068726
r2_pooled,art,0,0.9918111336500033,0.990962935643139,0.9965411964298309,0.9909296505577677,0.01996232196688652,0.020000072196125984,0.998112495351553,0.9956460678040538,0.8169394135475159,0.8768303990364075,0.4153275489807129,0.9929087431711784,0.9929297462693517,0.9946812369706209,0.7156984210014343,0.2587556540966034,0.6666666865348816,0.30943551659584045,,,
r2_pooled,art,100,0.9995907396367159,0.999743803118879,0.8248352136241323,0.8243272629022645,25.45656967163086,0.03957042843103409,643.3230743507926,0.7985542552464931,0.0677976980805397,0.06971919536590576,0.8978162407875061,0.9986239168719409,0.998726414512392,0.9979574518603177,0.7156984210014343,0.7391842007637024,0.7564895153045654,0.7272352576255798,0.9986241062482198,0.9987266063690186,0.7288833856582642
r2_pooled,art,200,0.9996909772456039,0.9998035253274781,0.8520566436211325,0.8520788450882217,24.986183166503906,0.044467993080616,561.8914062797138,0.7984512649619732,0.054375696927309036,0.05451519414782524,0.9114132523536682,0.9985586525111064,0.9986458465069195,0.9978223208354593,0.7156984210014343,0.731355607509613,0.7461887001991272,0.7317675948143005,0.9980805714925131,0.9982213973999023,0.7321796417236328
r2_pooled,art,300,0.9997498234258729,0.9998281972183866,0.8714924968621055,0.871472919615189,24.599519729614258,0.048912253230810165,502.9316399212386,0.7984813652993388,0.04504990950226784,0.04544081166386604,0.9266583919525146,0.9985646204656363,0.9986661688782904,0.9978531188031525,0.7156984210014343,0.7449526190757751,0.7548413872718811,0.7420684099197388,0.9982080658276876,0.9982644120852152,0.7404202818870544
r2_pooled,art,400,0.9998173513993013,0.9998604370467011,0.8837248202196228,0.8841834633738636,24.107236862182617,0.05331994220614433,452.1242121564906,0.7984747555256037,0.04459461569786072,0.04449068009853363,0.9093530774116516,0.9985513468850171,0.9986526670882712,0.997828659908223,0.7156984210014343,0.725175142288208,0.7449526190757751,0.7214668393135071,0.9981937209765116,0.998284379641215,0.7206427454948425
r2_pooled,art,500,0.9998319782895999,0.9998504420647208,0.8857357402516156,0.8859503888857003,23.100618362426758,0.05714258924126625,404.26271663840447,0.7983195036755711,0.040467675775289536,0.039666879922151566,0.9208899736404419,0.9984706115753553,0.9985268002626172,0.9976275796053612,0.7156984210014343,0.7189946174621582,0.7498970031738281,0.7317675948143005,0.9988264838854471,0.9989462892214457,0.7321796417236328
r2_pooled,art,600,0.9998359804932923,0.9998267943329742,0.901274327100666,0.9018922384873107,22.864118576049805,0.06122027710080147,373.47296776202404,0.7983700697715042,0.042112044990062714,0.040056534111499786,0.9229501485824585,0.9984769172089248,0.9985499325485985,0.9976847602556179,0.7156984210014343,0.7297074794769287,0.7354758977890015,0.7272352576255798,0.9979162613550822,0.9979827006657919,0.7268232107162476
r2_pooled,art,700,0.9998159703667137,0.9997909166083697,0.9027055309161808,0.9023698923629135,22.842872619628906,0.06537514179944992,349.4122076201923,0.7984242836187202,0.034942854195833206,0.03381812945008278,0.928306519985199,0.9984743559143557,0.9985735929393252,0.9977412860966641,0.7156984210014343,0.7268232107162476,0.7395961880683899,0.7342398166656494,0.9982200662295023,0.998253325621287,0.7350638508796692
r2_pooled,art,800,0.9997848347729968,0.999728403262865,0.8961874485975979,0.8957530402914842,22.41343879699707,0.06876308470964432,325.9516191229491,0.7982699595008547,0.03373739868402481,0.032134536653757095,0.9419035911560059,0.9983904654851475,0.9984513660686515,0.9975424433832152,0.7156984210014343,0.7276473045349121,0.7453646659851074,0.7371240258216858,0.9990019996960958,0.9991493225097656,0.7350638508796692
r2_pooled,art,900,0.9997590448999012,0.9996737006720834,0.8964650692472063,0.8950981106304366,21.843564987182617,0.07168366014957428,304.72167494801596,0.7982305970449108,0.03252676874399185,0.031276166439056396,0.9274824857711792,0.9983660957777941,0.998415867322449,0.9974815836064205,0.7156984210014343,0.7231149673461914,0.7503090500831604,0.7408323287963867,0.998846431573232,0.9989376266797384,0.7400082349777222
r2_pooled,art,1000,0.9996766002418754,0.9995352155626707,0.9164184364378576,0.9148417028602923,21.572933197021484,0.07501496374607086,287.58173196013087,0.7981688905131552,0.032781604677438736,0.031442396342754364,0.9361351132392883,0.9983106725125976,0.9983521168457533,0.9973943778977971,0.7156984210014343,0.7259991765022278,0.7433044910430908,0.7358879446983337,0.9981077114741007,0.998220960299174,0.7346518039703369
r2_pooled,clipart,0,0.9944644620641364,0.9920431582094218,0.9978041278206637,0.9935844151229403,0.020028626546263695,0.020000986754894257,1.0013819213875872,0.9955941161944352,0.6695042252540588,0.6787555813789368,0.2994272708892822,0.99075496703056,0.9950835200096457,0.994681235880466,0.5030927658081055,0.15784651041030884,0.44009163975715637,0.14249713718891144,,,
r2_pooled,clipart,100,0.9992507755218619,0.9991089336990727,0.788844369173202,0.7979919468080042,22.36780548095703,0.039522480219602585,565.9514624758524,0.7983296494849424,0.07478753477334976,0.0738125815987587,0.8297823667526245,0.9981967241594351,0.9986325627009648,0.9977110019647731,0.5030927658081055,0.5406643748283386,0.5420389175415039,0.5278350710868835,0.9981967409451803,0.9986326495806376,0.5239404439926147
r2_pooled,clipart,200,0.9993674355809086,0.999265043409391,0.8054201651292017,0.8130959926424984,21.970050811767578,0.04358258470892906,504.1016029337614,0.7982290015802394,0.05915955454111099,0.05726786330342293,0.8517755270004272,0.9981175021021927,0.9985598116897688,0.9975815383205082,0.5030927658081055,0.5422680377960205,0.547995388507843,0.5360824465751648,0.9984352986017863,0.998806099096934,0.5356242656707764
r2_pooled,clipart,300,0.9994060780778437,0.99932837407985,0.8313493683174076,0.8370343447736406,22.061368942260742,0.047334227710962296,466.0764526881987,0.7982234430005699,0.0538746640086174,0.05262601375579834,0.8646048307418823,0.9980841309984161,0.9985356999258056,0.9975679500732308,0.5030927658081055,0.5383734107017517,0.5429553389549255,0.5351660847663879,0.9973426262537638,0.9982854525248209,0.533562421798706
r2_pooled,clipart,400,0.999412857987362,0.9993543116494622,0.8248422031095716,0.829551354023689,21.58961296081543,0.05102688446640968,423.10270726067125,0.7981179402102904,0.049886301159858704,0.04893668368458748,0.8717067837715149,0.9979955249638707,0.9984611695055347,0.997432522263399,0.5030927658081055,0.5475372076034546,0.5560137629508972,0.5544100999832153,0.9983701308568319,0.9989766875902811,0.5530354976654053
r2_pooled,clipart,500,0.9994289868358583,0.9993432175471292,0.8367713279629134,0.8418206624264365,21.297155380249023,0.05476042628288269,388.91507655969804,0.79808860689185,0.04474475979804993,0.04378079995512962,0.8794960379600525,0.9979626097106951,0.9984319499948274,0.9973853639633841,0.5030927658081055,0.5221076607704163,0.5360824465751648,0.5369988679885864,0.9983159701029459,0.9989298184712728,0.536540687084198
r2_pooled,clipart,600,0.9994320952464854,0.999334891425014,0.8209307617449828,0.8250172137973178,21.44803237915039,0.05895952880382538,363.77550523705696,0.7980890004877758,0.05151960626244545,0.04925335571169853,0.8659793734550476,0.9979140396137146,0.9984113956433701,0.9973864530298887,0.5030927658081055,0.5278350710868835,0.5445590019226074,0.5326460599899292,0.9983197053273519,0.999013622601827,0.5298969149589539
r2_pooled,clipart,700,0.9994986962974742,0.9994162123546232,0.8669004473189102,0.8708037912186473,21.269895553588867,0.06334435939788818,335.78199788848093,0.7980367218028523,0.04499449580907822,0.0429585836827755,0.8781214356422424,0.9978380893771464,0.9983611099286543,0.9973132737309737,0.5030927658081055,0.5534936785697937,0.5532646179199219,0.5466208457946777,0.9981929063796997,0.998959501584371,0.5436426401138306
r2_pooled,clipart,800,0.9993320943313414,0.9991463965960695,0.8525555391202607,0.8539173630014286,21.109548568725586,0.06595107167959213,320.0789317159453,0.7979962015781372,0.04234880208969116,0.041141822934150696,0.8840779066085815,0.9977567328130877,0.9983103373329781,0.9972635611081246,0.5030927658081055,0.5324169397354126,0.5461626648902893,0.5347079038619995,0.9968404769897461,0.9980297684669495,0.5351660847663879
r2_pooled,clipart,900,0.9993879973477995,0.9991490240380964,0.8468795976995384,0.8474437702389653,21.072492599487305,0.0691162645816803,304.88471457516675,0.7979884790196902,0.037033114582300186,0.035938654094934464,0.8911798596382141,0.9976928937180841,0.9982890526423395,0.99724460300182,0.5030927658081055,0.5374570488929749,0.550973653793335,0.5420389175415039,0.9969149430592855,0.9981086254119873,0.5424971580505371
r2_pooled,clipart,1000,0.9993264317659031,0.9990032079187688,0.8550401836744846,0.8543406386595547,20.905895233154297,0.0718088373541832,291.13262383068553,0.7979263833978054,0.03346914425492287,0.03227826580405235,0.8955326676368713,0.9975932439438518,0.9982286086722431,0.9971622948993069,0.5030927658081055,0.5296677947044373,0.5475372076034546,0.5402061939239502,0.9963708519935608,0.9979828596115112,0.5383734107017517
r2_pooled,product,0,0.9928363917753593,0.9912618796673227,0.9967190735871347,0.9949612658044448,0.020085087046027184,0.019993988797068596,1.0045562818846805,0.9956735696593702,1.260506272315979,1.3265480995178223,0.31808966398239136,0.9932845104558004,0.9925539764785117,0.9946812356313615,0.818427562713623,0.31020501255989075,0.7686415910720825,0.2610948383808136,,,
r2_pooled,product,100,0.9996777142876723,0.9997804951531366,0.7603270371237784,0.7592418696505594,24.645004272460938,0.039935436099767685,617.1212006021966,0.7984755783373473,0.05397067591547966,0.05553986877202988,0.9238567352294922,0.9989160520760798,0.998256140266812,0.9978714699035066,0.818427562713623,0.8371254801750183,0.8479387164115906,0.8258616924285889,0.9989158312479655,0.998256504535675,0.8258616924285889
r2_pooled,product,200,0.9996986897222059,0.9998009486372857,0.7914591131164631,0.7908845343224566,24.045413970947266,0.045209046453237534,531.8717349152431,0.798417526614016,0.047637104988098145,0.04839619994163513,0.9261094927787781,0.9988766138256198,0.9981838100873647,0.9977956062526165,0.818427562713623,0.8459112644195557,0.8526695370674133,0.8350979685783386,0.998756984869639,0.9980009992917379,0.8337463140487671
r2_pooled,product,300,0.9997174758874262,0.9998136553839072,0.8087705087369842,0.8081302381411091,23.724882125854492,0.05029604211449623,471.70475306677366,0.7984181220494966,0.03820154443383217,0.037535734474658966,0.943455696105957,0.9988681036021028,0.9981551160487934,0.9977880821649752,0.818427562713623,0.8353232741355896,0.8477134704589844,0.8317188620567322,0.9987128774325053,0.997819979985555,0.8303672075271606
r2_pooled,product,400,0.9997625177680295,0.9998411452051696,0.8191434353107626,0.8185618156780937,23.657981872558594,0.055046118795871735,429.7847403245596,0.7984645709461419,0.030018946155905724,0.029377885162830353,0.95134037733078,0.9988888080508765,0.9981749118524235,0.9978394138269273,0.818427562713623,0.8461365103721619,0.8506420254707336,0.8459112644195557,0.9990664720535278,0.9984316229820251,0.8452354073524475
r2_pooled,product,500,0.99975072324834,0.9998330582181308,0.8205123987995603,0.8197569589289471,23.428449630737305,0.05887267366051674,397.9511745268283,0.7984530273717741,0.030046958476305008,0.028830280527472496,0.951115071773529,0.9988758254199303,0.9981504091915356,0.9978245959828798,0.818427562713623,0.8254111409187317,0.8526695370674133,0.843883752822876,0.9987179438273112,0.9978090325991312,0.8432079553604126
r2_pooled,product,600,0.9997593836997201,0.9998378083561409,0.8328901171408948,0.8322608349607045,23.147502899169922,0.06306888163089752,367.01939689746985,0.7984394739219874,0.02866150625050068,0.027470672503113747,0.9549447894096375,0.9988603122449602,0.9981185914804346,0.9977979406608448,0.818427562713623,0.8427574038505554,0.854471743106842,0.8456859588623047,0.9991647998491923,0.9984633723894755,0.844109058380127
r2_pooled,product,700,0.9997270553976607,0.9998270071889513,0.8608283977261753,0.860232082768998,23.102479934692383,0.06696043908596039,345.01685248859553,0.7985197872366502,0.023234548047184944,0.021425288170576096,0.9594503045082092,0.9988993691327268,0.9981624885878776,0.9978863154880143,0.818427562713623,0.8562739491462708,0.8630322217941284,0.859427809715271,0.9986205895741781,0.997713307539622,0.8587519526481628
r2_pooled,product,800,0.9997334145765086,0.9998244206044457,0.8565828469580596,0.8559858350112236,23.148508071899414,0.07032390683889389,329.16982449411813,0.7985070781286162,0.03292500227689743,0.031318020075559616,0.9506645202636719,0.9988825729971103,0.9981299448043197,0.9978672376190358,0.818427562713623,0.8296913504600525,0.8434332013130188,0.8238341808319092,0.9984156489372253,0.9973557790120443,0.823383629322052
r2_pooled,product,900,0.9996900970079459,0.9998094809406632,0.8717237860614114,0.871152221775599,22.910776138305664,0.07407432794570923,309.29441783255186,0.798561531354718,0.02479778602719307,0.022991860285401344,0.9583239555358887,0.998905952762937,0.9981549663577641,0.9979276572057688,0.818427562713623,0.8326199650764465,0.8483892679214478,0.8447848558425903,0.9989073276519775,0.9980678955713908,0.8429826498031616
r2_pooled,product,1000,0.9996450086699449,0.9997920709317757,0.8780644243538666,0.8775219541498067,22.964475631713867,0.07718465477228165,297.52644096765215,0.7985593858382395,0.026460228487849236,0.02510613203048706,0.9556205868721008,0.9988991236788672,0.9981312846108228,0.9979227751249611,0.818427562713623,0.815949559211731,0.8434332013130188,0.8303672075271606,0.9992069005966187,0.9986559152603149,0.8299166560173035
r2_pooled,real_world,0,0.9908391419194934,0.9942421640721953,0.9959358833431091,0.995583367231091,0.019956395030021667,0.020031295716762543,0.9962608166840552,0.9956039400175991,1.0672025680541992,1.1560029983520508,0.4287353456020355,0.9947287556926625,0.9911097323727948,0.9946812362834373,0.8253385424613953,0.3369290828704834,0.7886160016059875,0.36538901925086975,,,
r2_pooled,real_world,100,0.999314019373096,0.9995905743973355,0.7506135414836965,0.7498481429892714,24.529741287231445,0.0399123840034008,614.5897294719691,0.7982728621362829,0.05833222344517708,0.0627923533320427,0.9277025461196899,0.9986960657406119,0.9975845067604299,0.9976372807145988,0.8253385424613953,0.8489786386489868,0.8560936450958252,0.8331420421600342,0.9986961483955383,0.9975847601890564,0.8331420421600342
r2_pooled,real_world,200,0.9994662653717378,0.9996870139020357,0.7645498605317433,0.7638693663755117,23.451112747192383,0.04463334381580353,525.4168911021393,0.7983396000647784,0.041438791900873184,0.04320284724235535,0.9446867108345032,0.998738932997499,0.9976572047069895,0.997715173042158,0.8253385424613953,0.8377323746681213,0.8590773344039917,0.8423227071762085,0.9986632267634074,0.9975319306055704,0.8416341543197632
r2_pooled,real_world,300,0.9995307803461667,0.9997293811832536,0.7771325098369122,0.7765020369002074,22.861600875854492,0.04908514395356178,465.75397430805697,0.7982996071812432,0.037429723888635635,0.03775755316019058,0.9453752636909485,0.9987158696581169,0.9976159164434737,0.997661447438773,0.8253385424613953,0.8441588282585144,0.8540279865264893,0.8397980332374573,0.9992149670918783,0.9985131621360779,0.8397980332374573
r2_pooled,real_world,400,0.999535540161022,0.999733687925854,0.7911435646398076,0.7901982741412684,22.128175735473633,0.053689539432525635,412.1505971062246,0.7983006632065052,0.03350623697042465,0.03402915969491005,0.9485884308815002,0.9987105684760103,0.9976016650936387,0.9976520306200816,0.8253385424613953,0.8446178436279297,0.8579297661781311,0.8464539647102356,0.9988998572031657,0.9979341228802999,0.8462244868278503
r2_pooled,real_world,500,0.9996421419309635,0.9997925741114059,0.7927281781888601,0.7920271955427686,21.509748458862305,0.05805161967873573,370.5279642135689,0.7984599422524811,0.03204723075032234,0.03236878290772438,0.9469818472862244,0.9988029129745714,0.9977646966754686,0.9978358533253939,0.8253385424613953,0.8407160639762878,0.859536349773407,0.8496671915054321,0.9982501268386841,0.9967796603838602,0.8496671915054321
r2_pooled,real_world,600,0.9996150319075253,0.999771158472773,0.7889463392026496,0.7876254631251062,21.104782104492188,0.06177114322781563,341.6608630126288,0.7984465293157939,0.02979220822453499,0.029420386999845505,0.954326331615448,0.998785434316111,0.9977291824143447,0.9978180220781558,0.8253385424613953,0.8322240114212036,0.8604544401168823,0.8471425175666809,0.9987473487854004,0.9976712862650553,0.8459949493408203
r2_pooled,real_world,700,0.9996331732102653,0.999787180704819,0.8075444378643853,0.8063258243260369,20.896284103393555,0.06592720001935959,316.9599815744843,0.7986829235286372,0.028995826840400696,0.02783457562327385,0.9568510055541992,0.9989392603898679,0.998007298785831,0.9981009592177531,0.8253385424613953,0.837043821811676,0.8583887815475464,0.8487491607666016,0.9981213410695394,0.9965826471646627,0.8482900857925415
r2_pooled,real_world,800,0.9996205763082724,0.9997745216291537,0.8287688273001144,0.827538195412124,21.355072021484375,0.06901473551988602,309.42771656831303,0.7985477802743308,0.032554663717746735,0.031426701694726944,0.9513426423072815,0.9988405797435158,0.9978258327542573,0.9979342356696675,0.8253385424613953,0.8365848064422607,0.8572412133216858,0.8443883657455444,0.9983690778414408,0.9969067970911661,0.8446178436279297
r2_pooled,real_world,900,0.9996455019283436,0.999787946644853,0.8428610457337332,0.8418727398488552,21.216489791870117,0.07215143740177155,294.0549842926509,0.7986447200755261,0.029186662286520004,0.028293026611208916,0.9520311951637268,0.9989009555236913,0.9979339922932099,0.9980445932829131,0.8253385424613953,0.8356667160987854,0.8547165393829346,0.8397980332374573,0.9987226525942484,0.9977052211761475,0.8377323746681213
r2_pooled,real_world,1000,0.9996131546706901,0.999756902900697,0.83066918788106,0.8289482012352821,21.042049407958984,0.07543885707855225,278.9285286500102,0.7987266219393864,0.026460900902748108,0.025680899620056152,0.9577690958976746,0.998943944283257,0.9980162579069195,0.9981366456833256,0.8253385424613953,0.8388799428939819,0.8565526604652405,0.8464539647102356,0.9987149039904276,0.9976106286048889,0.8459949493408203
r3_split,art,0,0.9918111336500033,0.990962935643139,0.9965411964298309,0.9909296505577677,0.01996232196688652,0.020000072196125984,0.998112495351553,0.9956460678040538,0.8169394135475159,0.8768303990364075,0.4153275489807129,0.9929087431711784,0.9929297462693517,0.9946812369706209,0.7156984210014343,0.2587556540966034,0.6666666865348816,0.30943551659584045,,,
r3_split,art,100,0.9993098124414646,0.8748439649037429,0.8119969986739989,0.8408454677663557,24.990022659301758,0.0396353155374527,630.4988952513289,0.6446174871841798,0.07315149903297424,0.07483922690153122,0.8862793445587158,0.4979129237619196,0.9981933714989863,0.8055628594988234,0.7156984210014343,0.7338277697563171,0.7544293403625488,0.7428924441337585,0.49790125091870624,0.9981938799222311,0.709105908870697
r3_split,art,200,0.9994875482588607,0.9023677702115265,0.8561668807694778,0.8888915453507356,22.60736083984375,0.04464978352189064,506.3263258322393,0.6488581499760553,0.0564192570745945,0.05852794274687767,0.8953440189361572,0.49484036262399894,0.9980215955658557,0.8108492442301127,0.7156984210014343,0.7433044910430908,0.7519571781158447,0.7358879446983337,0.2348478933175405,0.998836874961853,0.7111660242080688
r3_split,art,300,0.9996133975167809,0.9135245737120004,0.8574572383565378,0.8875170464867079,19.952844619750977,0.04894708842039108,407.64109293656645,0.6532466488578664,0.044659700244665146,0.047836724668741226,0.9213020205497742,0.48990639953852294,0.9979874000937402,0.8163237116500971,0.7156984210014343,0.7466007471084595,0.7606098055839539,0.7556654214859009,0.3375157117843628,0.9988105098406473,0.7416563630104065
r3_split,art,400,0.9997133422517129,0.9218095850293797,0.8735269952946267,0.8945873165447837,18.74244499206543,0.053452711552381516,350.63600045244823,0.6550883462983731,0.04132680967450142,0.04315592721104622,0.9245982766151428,0.488770179311484,0.9979865532678224,0.8186133386891937,0.7156984210014343,0.7416563630104065,0.7523691654205322,0.7453646659851074,0.20406012733777365,0.9983538587888082,0.7350638508796692
r3_split,art,500,0.9996844544815083,0.9130261636022722,0.8801873258574341,0.8832840926732587,17.86553382873535,0.057441260665655136,311.02266248514604,0.6521017236697734,0.03861982002854347,0.04014382138848305,0.9200659394264221,0.47651916208690953,0.9976881633024438,0.8148737641278778,0.7156984210014343,0.7301194667816162,0.7416563630104065,0.7375360727310181,0.058983360727628074,0.999042014280955,0.7210547924041748
r3_split,art,600,0.999741060261287,0.9172940438971855,0.883177880481813,0.8871698287989531,17.404582977294922,0.061696410179138184,282.1004160008656,0.6498273785457901,0.03177639842033386,0.03265675529837608,0.928306519985199,0.4672254221723695,0.9976253114549646,0.812028608038273,0.7156984210014343,0.7288833856582642,0.7433044910430908,0.7346518039703369,0.055085221926371254,0.9988158543904623,0.715286374092102
r3_split,art,700,0.9997750978978234,0.9184182347038136,0.8932367914310918,0.8977285926943703,16.69257926940918,0.06560978293418884,254.42210784560882,0.6511142485414061,0.030526908114552498,0.03145098686218262,0.9291306138038635,0.46916913603672916,0.9976523932697638,0.8136250763044117,0.7156984210014343,0.7280593514442444,0.7544293403625488,0.7453646659851074,0.28039324283599854,0.9984336495399475,0.7280593514442444
r3_split,art,800,0.9997742682048717,0.919399321076245,0.8843274392099447,0.8947526904866632,16.6636905670166,0.06908377259969711,241.20990993896098,0.6508154618495741,0.030460190027952194,0.031034402549266815,0.9381952881813049,0.47023787256337196,0.9975926788569486,0.8132442214447775,0.7156984210014343,0.7325916886329651,0.7478368282318115,0.7445405721664429,0.19040964543819427,0.9990003705024719,0.725175142288208
r3_split,art,900,0.9997679982902615,0.9199839647618743,0.8810147390469713,0.8618949639747602,16.78611946105957,0.07232467085123062,232.09396273075401,0.6468376761851162,0.028930706903338432,0.029328979551792145,0.9489080905914307,0.46057136870847587,0.9976212990106559,0.8082614384901067,0.7156984210014343,0.7185826301574707,0.7457766532897949,0.7461887001991272,-0.048150779058535896,0.9985905687014262,0.7301194667816162
r3_split,art,1000,0.9997600888952424,0.9200407386193806,0.8995643920138926,0.8798929857534413,15.704004287719727,0.07586526870727539,206.9985983746174,0.6501063239969401,0.025070542469620705,0.025820668786764145,0.9390193819999695,0.4622310454355476,0.9975956005564699,0.8123343050944094,0.7156984210014343,0.7239390015602112,0.7412443161010742,0.7383601069450378,-0.017889802654584248,0.9977995554606119,0.715286374092102
r3_split,clipart,0,0.9944644620641364,0.9920431582094218,0.9978041278206637,0.9935844151229403,0.020028626546263695,0.020000986754894257,1.0013819213875872,0.9955941161944352,0.6695042252540588,0.6787555813789368,0.2994272708892822,0.99075496703056,0.9950835200096457,0.994681235880466,0.5030927658081055,0.15784651041030884,0.44009163975715637,0.14249713718891144,,,
r3_split,clipart,100,0.9993297921134173,0.6615081568336778,0.6475770635128145,0.8709150128984876,24.132863998413086,0.03984808921813965,605.6216112723248,0.5912190676494979,0.09535561501979828,0.09551683068275452,0.8180985450744629,0.31118944791647635,0.9984498554451765,0.7388585572535838,0.5030927658081055,0.5269186496734619,0.5351660847663879,0.5152348279953003,0.3111790915330251,0.9984498023986816,0.49301260709762573
r3_split,clipart,200,0.9993729768609954,0.6945866359322718,0.6700574299062149,0.8700375852771651,24.05636215209961,0.04402006417512894,546.4863035272743,0.5911219393904222,0.06587102264165878,0.06821763515472412,0.84742271900177,0.31691948502389483,0.9983799533818424,0.7387294879397407,0.5030927658081055,0.5518900156021118,0.5518900156021118,0.540435254573822,0.022288450350364048,0.999316950639089,0.5349370241165161
r3_split,clipart,300,0.999449455215489,0.7214713844489061,0.694999814032616,0.8746490239652128,24.00835418701172,0.047759413719177246,502.6936538245535,0.591421981520604,0.05735213682055473,0.05882055312395096,0.868728518486023,0.31592943052039657,0.9983496213564472,0.7390990482601968,0.5030927658081055,0.5392898321151733,0.548682689666748,0.5372279286384583,0.048978724827369056,0.9985868732134501,0.5326460599899292
r3_split,clipart,400,0.9994352654004,0.7345476965751688,0.7238581332245838,0.8629302643042652,23.969078063964844,0.05174563080072403,463.20969892649305,0.5910523478983417,0.04978329688310623,0.0517401322722435,0.8726231455802917,0.3194646210192727,0.9982584466653174,0.7386356594062934,0.5030927658081055,0.5548682808876038,0.56380295753479,0.5569301247596741,0.040206894278526306,0.9990072051684061,0.5507445335388184
r3_split,clipart,500,0.9994708257902758,0.7429415559914321,0.733412696664745,0.8683569108079755,23.84599494934082,0.055521268397569656,429.49297877324136,0.5901642121463582,0.04636252298951149,0.04791256785392761,0.8746849894523621,0.3190577527245601,0.9982109237582631,0.7375209693695725,0.5030927658081055,0.5363115668296814,0.5546391606330872,0.5505154728889465,-0.0706640084584554,0.9987649122873942,0.536540687084198
r3_split,clipart,600,0.9994718126107879,0.7525039687708931,0.7569264635848184,0.8611376931286818,23.7072696685791,0.05927102267742157,399.98077640070886,0.5914523965671602,0.043198369443416595,0.0448019914329052,0.8760595917701721,0.31734466142485657,0.998227982114853,0.7391310002267284,0.5030927658081055,0.528293251991272,0.5470790266990662,0.5424971580505371,0.11422488341728847,0.9987248579661051,0.5287514328956604
r3_split,clipart,700,0.9994789511345247,0.7824318700999568,0.775173340698824,0.8896162869395642,23.58340835571289,0.06309788674116135,373.7590840792527,0.590856548675011,0.03925294801592827,0.03991692140698433,0.8923253417015076,0.3196980924345933,0.9981478210752864,0.7383809255456524,0.5030927658081055,0.5521191358566284,0.5564719438552856,0.5548682808876038,0.05794426426291466,0.998853345712026,0.5347079038619995
r3_split,clipart,800,0.9994940719724615,0.7718021561538296,0.796967061681012,0.86568406755344,23.516216278076172,0.06573844701051712,357.72394006073716,0.5920510814992035,0.035512689501047134,0.036262236535549164,0.8946163058280945,0.3189022777419905,0.9981234957867188,0.7398703800119114,0.5030927658081055,0.543413519859314,0.5537227988243103,0.5463917255401611,0.021758368238806725,0.9987396001815796,0.528980553150177
r3_split,clipart,900,0.9994281002860124,0.7884303812014433,0.8110361658752917,0.8415284668471057,23.994346618652344,0.06902335584163666,347.6264856449987,0.5897278675160933,0.035311657935380936,0.035944677889347076,0.892096221446991,0.31870984504568817,0.9980933078495949,0.7369615347501407,0.5030927658081055,0.5360824465751648,0.550973653793335,0.5473081469535828,0.056113265454769135,0.9982636570930481,0.5349370241165161
r3_split,clipart,1000,0.99950540839352,0.8009580681040008,0.8267528449841414,0.8258754602267792,24.115009307861328,0.07196491956710815,335.09395206610066,0.5897028375634428,0.03372514247894287,0.034427203238010406,0.8886598348617554,0.321550386840975,0.998091870186026,0.7369267088698596,0.5030927658081055,0.5170676112174988,0.5424971580505371,0.543413519859314,-0.00697148855154713,0.9987581968307495,0.5264604687690735
r3_split,product,0,0.9928363917753593,0.9912618796673227,0.9967190735871347,0.9949612658044448,0.020085087046027184,0.019993988797068596,1.0045562818846805,0.9956735696593702,1.260506272315979,1.3265480995178223,0.31808966398239136,0.9932845104558004,0.9925539764785117,0.9946812356313615,0.818427562713623,0.31020501255989075,0.7686415910720825,0.2610948383808136,,,
r3_split,product,100,0.9997301003983066,0.7296276712406043,0.7149784700973151,0.8202083575286009,24.842863082885742,0.04001028463244438,620.911930797429,0.6458319438388763,0.06657309085130692,0.06898540258407593,0.9182248115539551,0.4955156352417596,0.997828616532929,0.8070635867785805,0.818427562713623,0.839152991771698,0.8495156764984131,0.8330705165863037,0.4955095152060191,0.997828463713328,0.8145979046821594
r3_split,product,200,0.9997578299014788,0.7569500369218852,0.7680408720292675,0.8348485588838614,23.996402740478516,0.044829078018665314,535.286555090141,0.6431031866033623,0.05324946716427803,0.05801733210682869,0.9369227290153503,0.4867969707631306,0.9977534059169809,0.8036418763871935,0.818427562713623,0.8558233976364136,0.8605541586875916,0.8454607129096985,0.23141001661618552,0.9983506997426351,0.843883752822876
r3_split,product,300,0.9997771394519045,0.7774238355147244,0.7957959553037129,0.8542095625268025,23.039445877075195,0.049930647015571594,461.4289470330719,0.6416831072690952,0.04127725958824158,0.04491281136870384,0.943681001663208,0.4799989783252438,0.9977151016832986,0.8018509308062605,0.818427562713623,0.8369001746177673,0.8461365103721619,0.8294661045074463,0.22740144530932108,0.9983203609784445,0.8218067288398743
r3_split,product,400,0.999802991193606,0.8059791971377434,0.8302146263516904,0.8443972257073132,22.137365341186523,0.05456303432583809,405.72093569773244,0.6432508313744754,0.030912531539797783,0.0339055135846138,0.9493128657341003,0.47634637078480163,0.9977239106479009,0.8037995865232477,0.818427562713623,0.8472629189491272,0.8528947830200195,0.8463618159294128,0.07310186823209126,0.9971927801767985,0.838702380657196
r3_split,product,500,0.9997646223924604,0.8112479731315204,0.8215649280820841,0.8074617144908967,22.009000778198242,0.058367110788822174,377.07881169292284,0.6388704036247375,0.030989063903689384,0.03347618132829666,0.9524667263031006,0.46325868150130667,0.9977075430661103,0.7983149188823667,0.818427562713623,0.8328452110290527,0.8553728461265564,0.856499195098877,0.09853110214074452,0.9974113702774048,0.8339716196060181
r3_split,product,600,0.9997647121362158,0.8094484679888801,0.8364452506652386,0.8167409258302689,21.689298629760742,0.06244624778628349,347.32749202146397,0.6372629653888352,0.02794542722404003,0.03116803802549839,0.9502139687538147,0.45838335090209137,0.9976779665107404,0.7962931585897408,0.818427562713623,0.8366749286651611,0.85920250415802,0.8519936800003052,0.027598941698670387,0.9979346791903178,0.8420815467834473
r3_split,product,700,0.9997929968162875,0.8214143382360432,0.851577562037987,0.8512380695860572,21.476104736328125,0.0665459856390953,322.7257742157637,0.6353640825420347,0.022663461044430733,0.02433297596871853,0.9632800221443176,0.4523733447521309,0.9977214475326512,0.793903397074048,0.818427562713623,0.854471743106842,0.8632574677467346,0.8596530556678772,0.1465563327074051,0.9974157810211182,0.8495156764984131
r3_split,product,800,0.9997495899668442,0.7831900767360619,0.8489057881687424,0.810947197184481,21.68712043762207,0.07006220519542694,309.54093404752865,0.6361183431237508,0.023433901369571686,0.025140956044197083,0.9553953409194946,0.45417732723105636,0.9977496705958133,0.7948480445725756,0.818427562713623,0.831043004989624,0.8531200885772705,0.8472629189491272,0.0650749330719312,0.9989635348320007,0.8287902474403381
r3_split,product,900,0.9997313143440812,0.8318422869506891,0.876491702488036,0.8192646466079992,21.210783004760742,0.07362663000822067,288.08575107121544,0.6344017109881251,0.021113557741045952,0.022254223003983498,0.9628294706344604,0.4489288639303681,0.9977559758351499,0.7926901328159255,0.818427562713623,0.8294661045074463,0.8551475405693054,0.8526695370674133,0.1202408696214358,0.9983582099278768,0.8369001746177673
r3_split,product,1000,0.9996281499226223,0.8030133585165782,0.8685058704898347,0.8051267783174123,20.372323989868164,0.07726378738880157,263.67234481209084,0.6343732517334328,0.022380821406841278,0.02393847145140171,0.9574228525161743,0.43783169225068036,0.997735870031903,0.7926482656506504,0.818427562713623,0.8166253566741943,0.8409551978111267,0.8330705165863037,0.029915038496255875,0.9980340202649435,0.8121198415756226
r3_split,real_world,0,0.9908391419194934,0.9942421640721953,0.9959358833431091,0.995583367231091,0.019956395030021667,0.020031295716762543,0.9962608166840552,0.9956039400175991,1.0672025680541992,1.1560029983520508,0.4287353456020355,0.9947287556926625,0.9911097323727948,0.9946812362834373,0.8253385424613953,0.3369290828704834,0.7886160016059875,0.36538901925086975,,,
r3_split,real_world,100,0.998914733411203,0.8274305204511573,0.7333249393522924,0.8012837708431785,25.4725284576416,0.03992477431893349,638.0130856634996,0.6369944157132961,0.06150772050023079,0.06849787384271622,0.9290796518325806,0.4683930971091228,0.9971595354681866,0.7960608268458693,0.8253385424613953,0.8368143439292908,0.853339433670044,0.8388799428939819,0.4684017399946849,0.9971595803896586,0.8241909742355347
r3_split,real_world,200,0.9992099164175713,0.8636676230059891,0.7866681480103331,0.8229233839368816,25.095993041992188,0.04495438560843468,558.2546108089506,0.638386419270809,0.048536770045757294,0.05293060094118118,0.9311452507972717,0.4707314281578759,0.9970914923174555,0.7978049006493753,0.8253385424613953,0.8400275707244873,0.8556346297264099,0.8375028967857361,0.13225257893403372,0.9976346890131632,0.8244204521179199
r3_split,real_world,300,0.9992585211343977,0.875401782481577,0.7938591407016883,0.8222888405598895,24.63741111755371,0.04880775138735771,504.7848019471626,0.6400754884658167,0.0412263385951519,0.04484472796320915,0.9428505897521973,0.47072699284142133,0.9969300040127256,0.7999176758839905,0.8253385424613953,0.8395684957504272,0.8540279865264893,0.8462244868278503,0.0829662134250005,0.996647040049235,0.8358962535858154
r3_split,real_world,400,0.9993486914415449,0.8840601623074328,0.8055722434992444,0.8269912818531534,24.240516662597656,0.05327625945210457,454.99659532948095,0.6414329904594881,0.035519883036613464,0.03848075866699219,0.9495065212249756,0.47416865437262895,0.9968990077307159,0.8016108604744088,0.8253385424613953,0.8363552689552307,0.8521918654441833,0.8414046168327332,0.048279933631420135,0.9971492489178976,0.8301583528518677
r3_split,real_world,500,0.9993593308024299,0.8902444262640231,0.8161071898843458,0.8151734303353985,23.936771392822266,0.05722503736615181,418.2919311989946,0.6407993106894294,0.0326230451464653,0.03520970419049263,0.9529492855072021,0.4746865130191349,0.9968469547280384,0.8008172293431162,0.8253385424613953,0.839109480381012,0.8570116758346558,0.8521918654441833,0.020069584871331852,0.9982453187306722,0.8363552689552307
r3_split,real_world,600,0.9993310784477812,0.8916315196079542,0.8153829376374583,0.813892120047597,23.469446182250977,0.061137571930885315,383.8792650905841,0.6426037521272596,0.029823238030076027,0.032106269150972366,0.9518016576766968,0.4771839714291141,0.9966723800140382,0.8030705329268877,0.8253385424613953,0.8402570486068726,0.8588478565216064,0.8531099557876587,0.1737179160118103,0.9965094923973083,0.8386504650115967
r3_split,real_world,700,0.9994018831269673,0.8949644886273727,0.8254634418496462,0.830105409428714,23.623632431030273,0.06514430046081543,362.6354456786283,0.6398026678258869,0.02948278933763504,0.031048990786075592,0.9508836269378662,0.47610698312557503,0.996835096306977,0.7995641808871354,0.8253385424613953,0.8363552689552307,0.8540279865264893,0.8492081761360168,0.2751380503177643,0.9963409304618835,0.8379619121551514
r3_split,real_world,800,0.9993141766508485,0.8863751354870401,0.8430082672161783,0.7927754620788867,23.15730094909668,0.06858614087104797,337.6381970905144,0.642260084911329,0.026364633813500404,0.02774910256266594,0.9536377787590027,0.47774041056101674,0.9966241943514996,0.8026316575613985,0.8253385424613953,0.8333715796470642,0.853339433670044,0.8489786386489868,0.1842133899529775,0.9963863690694174,0.8319944739341736
r3_split,real_world,900,0.9993647378383103,0.8839820425896819,0.8492745132922792,0.8254076426750606,22.746356964111328,0.07187335193157196,316.47831014987753,0.6431478257968951,0.0234427098184824,0.024599770084023476,0.9536377787590027,0.47676434145643215,0.9965848429749703,0.8037391387906276,0.8253385424613953,0.828781247138977,0.8476015329360962,0.8436998128890991,0.07189871370792389,0.9972241918245951,0.8241909742355347
r3_split,real_world,1000,0.9994155982916609,0.8732304617269054,0.8423185576292416,0.7709991297861083,22.477313995361328,0.07526642829179764,298.636649904787,0.6434266864461197,0.02358775958418846,0.024522751569747925,0.9584576487541199,0.4778716920067608,0.9965763452483177,0.804079859215857,0.8253385424613953,0.8313059210777283,0.8528804183006287,0.8540279865264893,0.13880470395088196,0.9975994030634562,0.8336011171340942
r4_silu32,art,0,0.9966919273730884,0.9968899138463622,0.90118676771757,0.9024465520934495,0.01986987702548504,0.020000072196125984,0.9934902649668352,0.6693761061283204,1.0125218629837036,1.0692750215530396,0.3654717803001404,0.9956811765050796,0.9958669729605854,0.9967882770593329,0.7156984210014343,0.2587556540966034,0.6666666865348816,0.30243098735809326,,,
r4_silu32,art,100,0.9999873247743533,0.9213981960846986,0.9018781641572245,0.9306555379127904,10.543421745300293,0.03951876237988472,266.7953425248701,0.5766464515146908,0.04342459514737129,0.04275557026267052,0.9217140674591064,0.33395274546345477,0.9997421860989503,0.7206231933424153,0.7156984210014343,0.7255871295928955,0.7486609220504761,0.7457766532897949,0.33394163846969604,0.9997421701749166,0.725175142288208
r4_silu32,art,200,0.9999901709991849,0.9099769527367244,0.8702682103496034,0.9110168137514278,10.673110961914062,0.04467509686946869,238.9051554403713,0.5809857790927065,0.03198833763599396,0.03334423527121544,0.9291306138038635,0.34671880684466655,0.9997234248466923,0.7260114081422971,0.7156984210014343,0.7218788862228394,0.7494849562644958,0.7494849562644958,0.09214561929305394,0.9997865955034891,0.7309435606002808
r4_silu32,art,300,0.9999934585869786,0.9365974025335789,0.8898225538906422,0.9154337208310543,10.892087936401367,0.04965738207101822,219.3447878670666,0.5809716481180891,0.024514341726899147,0.024663792923092842,0.9377832412719727,0.34756564317132826,0.9997032023840955,0.7259778883278093,0.7156984210014343,0.7461887001991272,0.7498970031738281,0.7527812123298645,0.03998980298638344,0.9996983806292216,0.731355607509613
r4_silu32,art,400,0.9999939208609275,0.9197138597392023,0.8816831479983077,0.9022822842169312,11.039794921875,0.05397629737854004,204.53042276042103,0.5793492876862294,0.022100435569882393,0.023084331303834915,0.9381952881813049,0.34151021930032116,0.9996862104123397,0.7239294682564867,0.7156984210014343,0.7346518039703369,0.7478368282318115,0.7482488751411438,0.05287562186519305,0.9997235933939616,0.7288833856582642
r4_silu32,art,500,0.9999853083365243,0.9239958329401773,0.8863256314818925,0.8936786458125594,11.196395874023438,0.05809922143816948,192.71163359631072,0.5851794253420575,0.020979661494493484,0.021492401137948036,0.9480840563774109,0.3541486330228061,0.9996837002199127,0.7311794673125009,0.7156984210014343,0.7194066643714905,0.7507210373878479,0.7470127940177917,0.08735109865665436,0.9997314016024271,0.7264112234115601
r4_silu32,art,600,0.9999824856521499,0.941019445808284,0.9037584616354911,0.9006737640378217,11.308064460754395,0.06234784051775932,181.37058744694414,0.587389744325793,0.01758238486945629,0.01806790940463543,0.9410794973373413,0.3572049116256772,0.9996555097372483,0.7339260729701076,0.7156984210014343,0.7177585363388062,0.7404202818870544,0.7408323287963867,0.12751534084479013,0.9997029304504395,0.7214668393135071
r4_silu32,art,700,0.9999704646257005,0.9397245813050185,0.905226320744552,0.8999908376376897,11.440239906311035,0.06593911349773407,173.49702323044073,0.581635038444132,0.015900686383247375,0.016126345843076706,0.9513803124427795,0.3371857164476562,0.9996146468130646,0.7267333912411744,0.7156984210014343,0.7268232107162476,0.7511330842971802,0.7490729093551636,0.0718063289920489,0.9995497266451517,0.7309435606002808
r4_silu32,art,800,0.9999170239354843,0.9157193955437778,0.8855487661684308,0.8975665435012015,11.520193099975586,0.06956680864095688,165.59898786550298,0.5789031141416104,0.0164483729749918,0.016987813636660576,0.9550885558128357,0.3254734568601896,0.999537316528461,0.7233202208498725,0.7156984210014343,0.7371240258216858,0.7519571781158447,0.7470127940177917,0.08894177029530208,0.9991670648256937,0.7416563630104065
r4_silu32,art,900,0.9998935557862317,0.8880793529842487,0.8888121077634019,0.8954000477064209,11.619084358215332,0.0727473720908165,159.7182691865526,0.5822907853829757,0.01576453261077404,0.015758255496621132,0.9592089056968689,0.3222833272507169,0.9993580655109988,0.7275555232838652,0.7156984210014343,0.7181705832481384,0.7474247813224792,0.7474247813224792,0.11668876310189565,0.998917023340861,0.7128141522407532
r4_silu32,art,1000,0.9996639534684792,0.890341986313171,0.8940922249020472,0.8980084799634167,11.569950103759766,0.07642703503370285,151.38556792969453,0.5765314273272164,0.015057683922350407,0.014864820055663586,0.9509682655334473,0.3139911869515312,0.998992536417858,0.7203403935248085,0.7156984210014343,0.7144622802734375,0.7400082349777222,0.7437165379524231,0.11576105157534282,0.9979046980539957,0.7103419899940491
r4_silu32,clipart,0,0.9980638834978873,0.995363409823793,0.9071557583483112,0.9081429074390194,0.02014736831188202,0.020000986754894257,1.007318716760409,0.6698104197871988,0.7485048770904541,0.7700408101081848,0.298510879278183,0.9947528596002927,0.9967952900089161,0.996788277600644,0.5030927658081055,0.15784651041030884,0.44009163975715637,0.1706758290529251,,,
r4_silu32,clipart,100,0.9999860617682436,0.9167669720315921,0.9151874430054828,0.9402662758397139,9.887089729309082,0.03911418467760086,252.7750433967508,0.5373274566977985,0.03392500430345535,0.03457414358854294,0.885223388671875,0.1058751031891587,0.9996376823264601,0.671592433253424,0.5030927658081055,0.5266895890235901,0.5397480130195618,0.5438717007637024,0.10587017734845479,0.9996375441551208,0.5310423970222473
r4_silu32,clipart,200,0.9999968362863201,0.9565033096285371,0.9348151286186531,0.9485336841124536,10.223084449768066,0.04337259382009506,235.70378318097232,0.5465297829650789,0.02611663192510605,0.0258170235902071,0.894158124923706,0.14026604912043603,0.9996514064571095,0.6830734559615877,0.5030927658081055,0.5356242656707764,0.5489118099212646,0.5500572919845581,0.06328476468722026,0.9997816483179728,0.5459335446357727
r4_silu32,clipart,300,0.9999926196174852,0.9341500867805154,0.9189789850322224,0.932109411804131,10.331242561340332,0.04813940078020096,214.6109505706482,0.5559350226248074,0.02173961140215397,0.022148799151182175,0.9138602614402771,0.15745721905048077,0.9996572534610251,0.6948451711839081,0.5030927658081055,0.5383734107017517,0.5470790266990662,0.5459335446357727,0.031228839109341305,0.9997120896975199,0.5315005779266357
r4_silu32,clipart,400,0.999992937104757,0.9238910134308925,0.9089163703550273,0.9281388351988304,10.611772537231445,0.05286204069852829,200.74466284323532,0.5574722345475958,0.022218219935894012,0.022087253630161285,0.9104238748550415,0.15953880018388836,0.9996399704427169,0.6967705279047051,0.5030927658081055,0.543413519859314,0.5548682808876038,0.5544100999832153,-0.002268836988757054,0.999783972899119,0.5445590019226074
r4_silu32,clipart,500,0.9999921270095329,0.9234874281634512,0.9167597535635381,0.9213835699882512,10.755902290344238,0.057420503348112106,187.31814705866515,0.5616088700953865,0.02288573421537876,0.023591190576553345,0.9108820557594299,0.1663483606051652,0.9996405418411816,0.7019238005591469,0.5030927658081055,0.52531498670578,0.5422680377960205,0.5436426401138306,0.0454804003238678,0.9997302492459615,0.5353952050209045
r4_silu32,clipart,600,0.9999879313125541,0.909838903423667,0.9033231981905625,0.9203442128381921,10.845721244812012,0.06202792748808861,174.85222679565982,0.5626710276319514,0.017387865111231804,0.01735762320458889,0.9255441427230835,0.15650687427802992,0.9996409556215724,0.7032485189675253,0.5030927658081055,0.5209621787071228,0.5372279286384583,0.5367697477340698,0.044563679645458855,0.9997463822364807,0.5193585157394409
r4_silu32,clipart,700,0.9999895966516408,0.9385744089754918,0.9296717042215371,0.9403726375864798,11.2374267578125,0.06592300534248352,170.46290137155862,0.5636618263393871,0.015678096562623978,0.015777980908751488,0.9294387102127075,0.16671606498071065,0.999618932210414,0.7044731782870903,0.5030927658081055,0.5376861691474915,0.5564719438552856,0.5521191358566284,-0.007261162468542655,0.9996355772018433,0.540435254573822
r4_silu32,clipart,800,0.9999425861011589,0.8723233386706214,0.9082351358824554,0.9115160848289817,11.284802436828613,0.06855618208646774,164.60663492893244,0.5644607567574138,0.017307976260781288,0.017270876094698906,0.9269186854362488,0.15729712987414965,0.9996104517241137,0.7054949734972176,0.5030927658081055,0.5326460599899292,0.543413519859314,0.547995388507843,0.06331996371348698,0.9996242920557658,0.5239404439926147
r4_silu32,clipart,900,0.9999818070990903,0.9074482623809734,0.9288354366580779,0.9060188480908448,11.351244926452637,0.07216030359268188,157.30594747114978,0.5664583492890148,0.014928109012544155,0.015062864869832993,0.9289805293083191,0.16044662765774625,0.9996285948650726,0.7079778233603061,0.5030927658081055,0.5395188927650452,0.5491408705711365,0.550973653793335,0.008452496801813444,0.9996112386385599,0.5397480130195618
r4_silu32,clipart,1000,0.9999048020256903,0.8768489410000604,0.9259112050607609,0.8782663052258215,11.718916893005371,0.07525637745857239,155.7199175505953,0.562045118510361,0.01723269373178482,0.017308536916971207,0.9227949976921082,0.14646803978427522,0.9995258854509471,0.7024679357954076,0.5030927658081055,0.5337915420532227,0.5491408705711365,0.5475372076034546,0.0035813537736733756,0.9991578261057535,0.5255441069602966
r4_silu32,product,0,0.9957746058802318,0.9970518935158962,0.9127291416140745,0.90929983864163,0.020116904750466347,0.019993988797068596,1.0061476454070921,0.6702850966577384,1.2459272146224976,1.4045007228851318,0.34061723947525024,0.9957904643560996,0.9957576849551296,0.9967882774313019,0.818427562713623,0.31020501255989075,0.7686415910720825,0.31651273369789124,,,
r4_silu32,product,100,0.9999585975914173,0.9289230618300034,0.8889060747622056,0.9007843754620014,10.067418098449707,0.03959802910685539,254.24038331005696,0.6023226691080064,0.03641911968588829,0.038848064839839935,0.9378238320350647,0.33829080420914437,0.999088848423438,0.7527925536761618,0.818427562713623,0.8206803202629089,0.8479387164115906,0.8335210680961609,0.3383394181728363,0.9990885456403097,0.8276638984680176
r4_silu32,product,200,0.9999482150293391,0.9250072512790958,0.9117354862640256,0.934788795269794,9.983124732971191,0.04512402415275574,221.23746541700046,0.610702743657934,0.027326209470629692,0.028201177716255188,0.9479612112045288,0.3581172430239408,0.9989200903020321,0.7632457692970595,0.818427562713623,0.839152991771698,0.8519936800003052,0.8414057493209839,0.10105697313944499,0.9986689885457357,0.8314935564994812
r4_silu32,product,300,0.999980249415748,0.9079228759642167,0.8999541714729489,0.9167773284363433,9.971653938293457,0.050685957074165344,196.7340564113766,0.61930248334153,0.022456957027316093,0.02262350171804428,0.9569723010063171,0.374175089959862,0.9988379120972329,0.7739826213320036,0.818427562713623,0.8204550743103027,0.8416309952735901,0.8339716196060181,0.12132758895556132,0.9983401497205099,0.8204550743103027
r4_silu32,product,400,0.9999563544476174,0.8991836463903748,0.8917087501548574,0.9105705775958366,9.894317626953125,0.05614987760782242,176.212630347296,0.6230443580359708,0.020602984353899956,0.020970087498426437,0.9542689323425293,0.3815985122488797,0.9986986116600834,0.7786546583293905,0.818427562713623,0.8380265831947327,0.854471743106842,0.8450101613998413,0.029435820877552032,0.9985072811444601,0.8348727226257324
r4_silu32,product,500,0.9999499531497591,0.8796066135405427,0.8905998537802601,0.8781898537330524,10.042057037353516,0.06040702760219574,166.2398802914861,0.6202233745174748,0.01938539743423462,0.020298155024647713,0.9585492014884949,0.358094805944068,0.9985739852639671,0.7751180419087419,0.818427562713623,0.8308177590370178,0.8528947830200195,0.8492903709411621,0.08409891525904338,0.9986473520596822,0.8285650014877319
r4_silu32,product,600,0.9999464523584402,0.9044980913205931,0.8953467968593047,0.865258762318183,9.951172828674316,0.06468256562948227,153.8462912197561,0.6265835406648408,0.015749795362353325,0.016414375975728035,0.9650822281837463,0.3788915070756675,0.9984202424032356,0.7830330677681997,0.818427562713623,0.8323946595191956,0.8519936800003052,0.8540211915969849,0.07930109898249309,0.9985733230908712,0.8369001746177673
r4_silu32,product,700,0.9998641785224734,0.9029514304247934,0.9074231474367517,0.89405023798932,9.890646934509277,0.06882772594690323,143.70149236282137,0.6278564422895202,0.01499366294592619,0.015854693949222565,0.9698129892349243,0.37894661671682206,0.998137054219672,0.784625753791463,0.818427562713623,0.8555980920791626,0.8646091222763062,0.8619058132171631,0.0624002180993557,0.9981659452120463,0.8490651249885559
r4_silu32,product,800,0.9998485287295602,0.8648293752020645,0.9043391677168948,0.865294665019895,9.895495414733887,0.0724058747291565,136.66702393623808,0.6258440129940431,0.013659360818564892,0.013511880300939083,0.9700382947921753,0.35797488859977156,0.9972809869231107,0.7820903804422843,0.818427562713623,0.835999071598053,0.8549222946166992,0.8546969890594482,0.08289065957069397,0.9971549908320109,0.8337463140487671
r4_silu32,product,900,0.9997269463473423,0.895068803633379,0.9254870422559387,0.8729343893860358,9.888300895690918,0.07596135884523392,130.1754082077133,0.6307674550118266,0.01228708028793335,0.012430199421942234,0.9695877432823181,0.386300613068203,0.9969790352575005,0.7882391060905645,0.818427562713623,0.8220319747924805,0.8519936800003052,0.8501914739608765,0.015886816506584484,0.9975052277247111,0.8373507261276245
r4_silu32,product,1000,0.9992417365232461,0.8764279633728975,0.9239270092061513,0.8592421100890102,9.891515731811523,0.07952316105365753,124.38534385142604,0.6261475074061991,0.01248301099985838,0.012865067459642887,0.9702635407447815,0.3645154442469187,0.995442099108436,0.7824521847810658,0.818427562713623,0.8105429410934448,0.8398287892341614,0.8402793407440186,0.018574051558971405,0.9932516614596049,0.8087407350540161
r4_silu32,real_world,0,0.9960127338164226,0.997620744123472,0.9108533029177429,0.9108766024967466,0.01987532712519169,0.020031295716762543,0.9922137542285726,0.6692278834226988,1.1787835359573364,1.2450459003448486,0.4053247570991516,0.9968717983525087,0.9946763510420745,0.9967882775237122,0.8253385424613953,0.3369290828704834,0.7886160016059875,0.37755337357521057,,,
r4_silu32,real_world,100,0.9999951839555203,0.9063240183287081,0.8307798021783244,0.8055463858478372,9.868331909179688,0.04024729132652283,245.19244858290602,0.5686329631270993,0.03128548711538315,0.033114589750766754,0.9501950740814209,0.24260265529302685,0.9991982446607954,0.7106532926496926,0.8253385424613953,0.8333715796470642,0.8544870615005493,0.8508147597312927,0.24259509146213531,0.9991980393727621,0.8432407379150391
r4_silu32,real_world,200,0.9999943943261117,0.8979610114434441,0.8597910423696224,0.8377169447375099,9.751909255981445,0.04503355547785759,216.54761993590162,0.5740773099211732,0.02720002830028534,0.02857372909784317,0.9538673162460327,0.23848804921073205,0.9992366944613394,0.7174183421174353,0.8253385424613953,0.8274042010307312,0.8521918654441833,0.8464539647102356,0.0975663885474205,0.9992429812749227,0.8354372382164001
r4_silu32,real_world,300,0.9999938556467782,0.8937960163937376,0.8475546199233821,0.8350354787729346,9.664962768554688,0.05089974030852318,189.88235912347645,0.5796207340471712,0.021897047758102417,0.022596055641770363,0.9589166641235352,0.24079605077345415,0.9992582267346747,0.7243030659262713,0.8253385424613953,0.8313059210777283,0.8494377136230469,0.8423227071762085,0.07202195872863133,0.9993028243382772,0.837043821811676
r4_silu32,real_world,400,0.9999919684807493,0.892331414417348,0.8660623998834117,0.8398345665148904,9.548065185546875,0.056348297744989395,169.44726935244302,0.5830813277418234,0.01720956340432167,0.017898786813020706,0.9644250273704529,0.24442374044099732,0.999259219504736,0.7286205634398987,0.8253385424613953,0.837273359298706,0.8528804183006287,0.8512738347053528,0.00485535974924763,0.9991797010103861,0.8448473811149597
r4_silu32,real_world,500,0.9999832357813192,0.8523077710324829,0.8569348850431551,0.8307856137318532,9.462026596069336,0.06094587221741676,155.25295236262664,0.5818893455842802,0.02025178074836731,0.021536869928240776,0.956621527671814,0.2247187693724828,0.9992355095810953,0.7271084876036193,0.8253385424613953,0.8177645206451416,0.8476015329360962,0.8427817225456238,0.03752180188894272,0.9993883172671,0.8191416263580322
r4_silu32,real_world,600,0.9999884862986933,0.8945306614509697,0.8868627020010261,0.8514529342320302,9.390071868896484,0.06515897065401077,144.11019349518364,0.5855188736268039,0.01488203089684248,0.015476490370929241,0.9644250273704529,0.224496430868351,0.9992583082827894,0.7316339805546223,0.8253385424613953,0.8342896699905396,0.8551755547523499,0.8524214029312134,0.037112640837828316,0.9991962512334188,0.8381913900375366
r4_silu32,real_world,700,0.9999770374667557,0.8820837610074456,0.8657091738323125,0.8268030044890253,9.267633438110352,0.06943053752183914,133.48065230224162,0.5917514487595832,0.015946796163916588,0.0160257276147604,0.9621298909187317,0.23769888860327018,0.9992204682344941,0.7393773948716135,0.8253385424613953,0.8338305950164795,0.853568971157074,0.8498967289924622,0.04161014407873154,0.9989211161931356,0.8329125642776489
r4_silu32,real_world,800,0.9999696213938728,0.9062962359886885,0.9006760357212614,0.8446008809592425,9.22213077545166,0.072873555123806,126.54975813632312,0.591073131045178,0.01397576555609703,0.013813946396112442,0.9697039127349854,0.23044239032931532,0.9991526177419642,0.7385083984536724,0.8253385424613953,0.830617368221283,0.8501262068748474,0.8471425175666809,0.023461295291781425,0.9992559353510538,0.8317649960517883
r4_silu32,real_world,900,0.9999552560518684,0.9138655282572894,0.9026657430748211,0.8694505670217217,9.122406005859375,0.07666263729333878,118.99415840540124,0.5943932364653902,0.012759553268551826,0.012659427709877491,0.9685563445091248,0.2354882595666757,0.9990858395337793,0.7426331717042279,0.8253385424613953,0.8331420421600342,0.8508147597312927,0.8489786386489868,0.022096601625283558,0.9987526337305704,0.8331420421600342
r4_silu32,real_world,1000,0.9999491634470559,0.8692599841109967,0.9038330757997919,0.8242428122746295,9.030535697937012,0.08013380318880081,112.69321233463039,0.5935433375935276,0.012557338923215866,0.012657728977501392,0.971081018447876,0.2223434956131227,0.99876664856847,0.7415725152456787,0.8253385424613953,0.831076443195343,0.853339433670044,0.8556346297264099,0.01625635599096616,0.9975557724634806,0.8290107846260071
