arm,target,distance,source,distance_vs_nll_spearman,similarity_predicts_correctness_auc,class_macro_correctness_auc,classes_with_correct_and_wrong_images
b0,art,cosine_stage1,clipart,-0.035991463496468805,0.500087075191803,0.5538055941113663,65
b0,art,cosine_stage1,product,-0.07840543387017519,0.45749242079137936,0.5109490163471689,64
b0,art,cosine_stage1,real_world,-0.022347002654105518,0.48808925279513515,0.49385207544035803,65
b0,art,source_z_l2_stage1,clipart,-0.026586474120381082,0.5045856962374018,0.5621258673589234,65
b0,art,source_z_l2_stage1,product,-0.060232224631326214,0.46929792180455854,0.5165403298519031,64
b0,art,source_z_l2_stage1,real_world,-0.023164564682089078,0.486793862844283,0.49713172976144204,65
b0,art,cosine_stage2,clipart,-0.047877400072882645,0.49628109771736345,0.5443069321691215,65
b0,art,cosine_stage2,product,-0.0750332575393256,0.4542164747647696,0.4930301174857625,64
b0,art,cosine_stage2,real_world,-0.011790680381598308,0.5020529579353109,0.49855448404207536,65
b0,art,source_z_l2_stage2,clipart,-0.0451788532647565,0.49994538010696,0.554950666532893,65
b0,art,source_z_l2_stage2,product,-0.07203733356567753,0.4630931810684721,0.5094417416625872,64
b0,art,source_z_l2_stage2,real_world,-0.019738833417633366,0.4987815639076143,0.5023076649857512,65
b0,art,cosine_stage3,clipart,-0.09406878081303853,0.48257150456432324,0.511938945995935,65
b0,art,cosine_stage3,product,-0.10001644167395984,0.4584804668478346,0.4786935488822447,64
b0,art,cosine_stage3,real_world,-0.06320839190176868,0.4874744769702753,0.4905841171908058,65
b0,art,source_z_l2_stage3,clipart,-0.06000330726339197,0.4972856287937078,0.5359831785217288,65
b0,art,source_z_l2_stage3,product,-0.07599637422739879,0.4678645481535006,0.48969658355986456,64
b0,art,source_z_l2_stage3,real_world,-0.049170456596664455,0.48617053659070464,0.49886280750455747,65
b0,art,cosine_stage4,clipart,-0.1959303078922558,0.4387956392743945,0.4873234459826974,65
b0,art,cosine_stage4,product,-0.11730791840287885,0.45222938690878245,0.48672889826358434,64
b0,art,cosine_stage4,real_world,-0.13529751552135513,0.45186450648635523,0.50544814787156,65
b0,art,source_z_l2_stage4,clipart,-0.001961676448703807,0.5213239228798774,0.5520723591382218,65
b0,art,source_z_l2_stage4,product,0.003342298937384188,0.5067077959818413,0.5133539189090179,64
b0,art,source_z_l2_stage4,real_world,-0.012256469646432257,0.49860713516175703,0.5333331552709302,65
b0,art,cosine_mean4,clipart,-0.1829971356661223,0.4448544894385708,0.48944274442775054,65
b0,art,cosine_mean4,product,-0.11637318160816733,0.4518358963886838,0.49135418652798335,64
b0,art,cosine_mean4,real_world,-0.12760771105201482,0.4545621667470407,0.5035953903145833,65
b0,art,source_z_l2_mean4,clipart,-0.034627394094686376,0.5081993166972222,0.5551332656647854,65
b0,art,source_z_l2_mean4,product,-0.054804509903461654,0.47624723142897535,0.5118029462281228,64
b0,art,source_z_l2_mean4,real_world,-0.019984679453338372,0.49505443202922195,0.5103482604041233,65
r4_real,art,cosine_stage1,clipart,-0.020989595183361767,0.5004859883659579,0.5375651227501281,65
r4_real,art,cosine_stage1,product,-0.03974675351011684,0.49071801988824826,0.5212947015872225,65
r4_real,art,cosine_stage1,real_world,-0.005817424015672256,0.516160851900869,0.5320806578367901,65
r4_real,art,source_z_l2_stage1,clipart,-0.009029997385246466,0.5064266705798555,0.5426232315667235,65
r4_real,art,source_z_l2_stage1,product,-0.018032652817676867,0.504045885548511,0.5312975205380587,65
r4_real,art,source_z_l2_stage1,real_world,-0.002945434126730831,0.5162895677457895,0.5303492156045665,65
r4_real,art,cosine_stage2,clipart,-0.038996042153817016,0.4925321024376088,0.5259011349429225,65
r4_real,art,cosine_stage2,product,-0.04416312264429525,0.48944901367358323,0.5209414687008648,65
r4_real,art,cosine_stage2,real_world,0.004924087559499998,0.5238012924390992,0.5319937883976688,65
r4_real,art,source_z_l2_stage2,clipart,-0.03164371411088391,0.498044092623859,0.5364935031169495,65
r4_real,art,source_z_l2_stage2,product,-0.030759773570513647,0.49973307964210395,0.5353118919098081,65
r4_real,art,source_z_l2_stage2,real_world,0.0004891675579983768,0.5211452904852587,0.5300656177041075,65
r4_real,art,cosine_stage3,clipart,-0.09206757294446706,0.4727067449744104,0.4924090925693956,65
r4_real,art,cosine_stage3,product,-0.07017077521817718,0.48702899076876366,0.518643467123332,65
r4_real,art,cosine_stage3,real_world,-0.04998517049949318,0.5009666064892588,0.5123484731112141,65
r4_real,art,source_z_l2_stage3,clipart,-0.05814389939903101,0.4856837472959426,0.5128707498409751,65
r4_real,art,source_z_l2_stage3,product,-0.04695713256749564,0.4953080599221764,0.5301155300626248,65
r4_real,art,source_z_l2_stage3,real_world,-0.03184289422224218,0.5051333694177753,0.5313359806674944,65
r4_real,art,cosine_stage4,clipart,-0.19512255302234982,0.4233865516013296,0.4609986836397723,65
r4_real,art,cosine_stage4,product,-0.09939751957197066,0.4708347222543095,0.5172300965129276,65
r4_real,art,cosine_stage4,real_world,-0.1001867574641886,0.47451385015495406,0.5212116368217682,65
r4_real,art,source_z_l2_stage4,clipart,-0.008987140678286805,0.5028891369440194,0.5250825000490242,65
r4_real,art,source_z_l2_stage4,product,0.014223404137422806,0.5124974009300545,0.5429167224604123,65
r4_real,art,source_z_l2_stage4,real_world,0.013843226289951978,0.5137301026756393,0.5492981585835265,65
r4_real,art,cosine_mean4,clipart,-0.18077384448459008,0.43060259259747796,0.4640529995639208,65
r4_real,art,cosine_mean4,product,-0.0955054013848724,0.47351795255996015,0.5215647478497648,65
r4_real,art,cosine_mean4,real_world,-0.09284951102528502,0.4790783120402122,0.5219671394636662,65
r4_real,art,source_z_l2_mean4,clipart,-0.026039166367261432,0.49989818564343375,0.5295108259387353,65
r4_real,art,source_z_l2_mean4,product,-0.018776449115541414,0.5063908242104603,0.5360711793820022,65
r4_real,art,source_z_l2_mean4,real_world,0.0044750876717111485,0.5223755169261336,0.5456297333738027,65
r4_random,art,cosine_stage1,clipart,-0.025511719388060777,0.4874268909906732,0.5246824979089401,65
r4_random,art,cosine_stage1,product,-0.05176046445821901,0.48640666581970393,0.5316554706485954,64
r4_random,art,cosine_stage1,real_world,-0.02972148265422105,0.4959153823258501,0.5270290604167587,65
r4_random,art,source_z_l2_stage1,clipart,-0.014344644976871686,0.49366771391306485,0.5301772472958397,65
r4_random,art,source_z_l2_stage1,product,-0.030106928579378796,0.4975330816962435,0.5404146585349809,64
r4_random,art,source_z_l2_stage1,real_world,-0.02613652238470984,0.49459713878630013,0.5276087759594834,65
r4_random,art,cosine_stage2,clipart,-0.03682102609037328,0.4809613065697622,0.5198534237211018,65
r4_random,art,cosine_stage2,product,-0.05561704303944356,0.4826830944006847,0.5229025338912769,64
r4_random,art,cosine_stage2,real_world,-0.02239707114027397,0.508615254288034,0.5350444234201963,65
r4_random,art,source_z_l2_stage2,clipart,-0.031505787558898546,0.48717505967663877,0.5340190458777859,65
r4_random,art,source_z_l2_stage2,product,-0.044678468754017146,0.4926769762092622,0.5449429302517261,64
r4_random,art,source_z_l2_stage2,real_world,-0.02499824141318635,0.5074828152821147,0.5400109128938971,65
r4_random,art,cosine_stage3,clipart,-0.08973549397782485,0.46166298899981134,0.48838721077116787,65
r4_random,art,cosine_stage3,product,-0.08792492155641808,0.47841958423044517,0.5115070780863955,64
r4_random,art,cosine_stage3,real_world,-0.06617135373350111,0.49103515139987425,0.5041721824271626,65
r4_random,art,source_z_l2_stage3,clipart,-0.05403946609854647,0.47563265440048563,0.5123983210586573,65
r4_random,art,source_z_l2_stage3,product,-0.06101873492454569,0.48900355390026345,0.5288571253408273,64
r4_random,art,source_z_l2_stage3,real_world,-0.04863962559797854,0.49403179987354723,0.516679644922315,65
r4_random,art,cosine_stage4,clipart,-0.1912529838389921,0.4159822651693504,0.46361869483945,65
r4_random,art,cosine_stage4,product,-0.12210070271430477,0.46476816066437543,0.5334635928992575,64
r4_random,art,cosine_stage4,real_world,-0.12583519736946244,0.46264492313328087,0.522131293264007,65
r4_random,art,source_z_l2_stage4,clipart,-0.002343350528213877,0.50304207305569,0.5279644851782668,65
r4_random,art,source_z_l2_stage4,product,-0.0018073911295862575,0.512063786324672,0.5464484785658092,64
r4_random,art,source_z_l2_stage4,real_world,-0.010229830746607767,0.4989287620134519,0.5342143234133283,65
r4_random,art,cosine_mean4,clipart,-0.1776639418230209,0.42263077591934833,0.46606458784301674,65
r4_random,art,cosine_mean4,product,-0.11863328739215946,0.4671769895823582,0.5379586204168281,64
r4_random,art,cosine_mean4,real_world,-0.11923857048668547,0.4669686210485716,0.5252359061563482,65
r4_random,art,source_z_l2_mean4,clipart,-0.02556367441543905,0.4908901867817271,0.5333815557504534,65
r4_random,art,source_z_l2_mean4,product,-0.03529063724805329,0.5011722354467283,0.5463476085967782,64
r4_random,art,source_z_l2_mean4,real_world,-0.021498133327296998,0.5043699289011467,0.5445787668677886,65
b0,clipart,cosine_stage1,art,0.17334953055364322,0.5784164644841457,0.5749536215577358,65
b0,clipart,cosine_stage1,product,0.06707895839015603,0.5247035714285714,0.5340757524390612,65
b0,clipart,cosine_stage1,real_world,0.1426123971938761,0.5610175212365872,0.5726722427990881,65
b0,clipart,source_z_l2_stage1,art,0.16097511232092548,0.5743436157586833,0.5655504783552198,65
b0,clipart,source_z_l2_stage1,product,0.053801539362562635,0.5223899159663865,0.5311932425675912,65
b0,clipart,source_z_l2_stage1,real_world,0.11793329217703886,0.5540268289726643,0.5640146835107276,65
b0,clipart,cosine_stage2,art,0.1355090975162856,0.5611682473663757,0.5613953494709607,65
b0,clipart,cosine_stage2,product,0.027914506793274813,0.5055689075630252,0.5127596105587452,65
b0,clipart,cosine_stage2,real_world,0.11529221664102621,0.5496730339953739,0.5595829285265895,65
b0,clipart,source_z_l2_stage2,art,0.15039591993027202,0.5688696684206657,0.5677645877344466,65
b0,clipart,source_z_l2_stage2,product,0.041449953678892745,0.5134380252100841,0.5319692362908364,65
b0,clipart,source_z_l2_stage2,real_world,0.11325092227739803,0.5526714498789607,0.5629556573193976,65
b0,clipart,cosine_stage3,art,0.0487795293086937,0.5318220583756078,0.5549018423734725,65
b0,clipart,cosine_stage3,product,-0.04203579307737624,0.4805123949579832,0.5370866773140698,65
b0,clipart,cosine_stage3,real_world,0.02730460248725792,0.5209272552195037,0.563224282056773,65
b0,clipart,source_z_l2_stage3,art,0.1274901555991163,0.5626260621146716,0.5824266723062927,65
b0,clipart,source_z_l2_stage3,product,0.02240634365916521,0.5073382352941177,0.5585890340120268,65
b0,clipart,source_z_l2_stage3,real_world,0.09412027388890302,0.5466786162802051,0.5850590360984605,65
b0,clipart,cosine_stage4,art,-0.04860890616456258,0.4892236191196395,0.5160164908443273,65
b0,clipart,cosine_stage4,product,-0.07214037464068629,0.47072710084033614,0.5439741087258133,65
b0,clipart,cosine_stage4,real_world,-0.01691829816269114,0.49809645097319627,0.5485391721938221,65
b0,clipart,source_z_l2_stage4,art,-0.028282891383660854,0.49981105124407893,0.5257018998620177,65
b0,clipart,source_z_l2_stage4,product,-0.07942720656105381,0.46079222689075633,0.5228694389018483,65
b0,clipart,source_z_l2_stage4,real_world,-0.041536909588196544,0.48482442569467127,0.5232705569401513,65
b0,clipart,cosine_mean4,art,-0.02636280149971938,0.49837718330865133,0.519693659256517,65
b0,clipart,cosine_mean4,product,-0.0634544039366177,0.47407100840336136,0.5449656795079942,65
b0,clipart,cosine_mean4,real_world,-0.0005641116579368531,0.5049876098865025,0.5557334187154563,65
b0,clipart,source_z_l2_mean4,art,0.13230085582960865,0.5636450620201447,0.5696189735326697,65
b0,clipart,source_z_l2_mean4,product,0.019699596416419093,0.5049008403361345,0.5404953223639365,65
b0,clipart,source_z_l2_mean4,real_world,0.09310212738878161,0.5442449942931407,0.5678664860229201,65
r4_real,clipart,cosine_stage1,art,0.17842185156165177,0.5759809947010122,0.5747001990860073,65
r4_real,clipart,cosine_stage1,product,0.09133352564552503,0.5374838743620771,0.5485369264769205,65
r4_real,clipart,cosine_stage1,real_world,0.14572645716692603,0.5621711963590719,0.5675426903022556,65
r4_real,clipart,source_z_l2_stage1,art,0.16353202817782747,0.5700368925401633,0.563017790498082,65
r4_real,clipart,source_z_l2_stage1,product,0.07492679563657964,0.533429578576314,0.5401824563387723,65
r4_real,clipart,source_z_l2_stage1,real_world,0.12476308774751932,0.5549992886181428,0.5571038022378728,65
r4_real,clipart,cosine_stage2,art,0.13995658008714246,0.5618802482627167,0.5625655008103462,65
r4_real,clipart,cosine_stage2,product,0.051407274512770114,0.5229481769874257,0.5289563104181746,65
r4_real,clipart,cosine_stage2,real_world,0.11436675818471606,0.5500133015779207,0.5549936957489444,65
r4_real,clipart,source_z_l2_stage2,art,0.15262631128518317,0.5680386167738981,0.5695329946895954,65
r4_real,clipart,source_z_l2_stage2,product,0.06935031138725621,0.5323836481296365,0.5452321315322874,65
r4_real,clipart,source_z_l2_stage2,real_world,0.11813647547113001,0.5535308533467359,0.5572359052487175,65
r4_real,clipart,cosine_stage3,art,0.05520527040850072,0.5318989555252094,0.5539774622513676,65
r4_real,clipart,cosine_stage3,product,-0.0073297194893108455,0.503695691061188,0.5438230913411886,65
r4_real,clipart,cosine_stage3,real_world,0.038735359807768585,0.5229742664979555,0.5606180361996482,65
r4_real,clipart,source_z_l2_stage3,art,0.13229402691617564,0.5625967145265008,0.5813503395436629,65
r4_real,clipart,source_z_l2_stage3,product,0.05644729091812218,0.528570105750513,0.5651713375394555,65
r4_real,clipart,source_z_l2_stage3,real_world,0.10709092154231832,0.5500966469079304,0.5794379516208116,65
r4_real,clipart,cosine_stage4,art,-0.04230383197853666,0.4868367214638475,0.5137834670004157,65
r4_real,clipart,cosine_stage4,product,-0.04453381037738112,0.4839463355605829,0.537902372058987,65
r4_real,clipart,cosine_stage4,real_world,-0.0071025907854156125,0.49957864305384025,0.5431404897580719,65
r4_real,clipart,source_z_l2_stage4,art,-0.031099251934358377,0.488334270660917,0.5148297684833368,65
r4_real,clipart,source_z_l2_stage4,product,-0.051350167275486226,0.47828231704109014,0.5184475526701612,65
r4_real,clipart,source_z_l2_stage4,real_world,-0.03278828849211038,0.4863545173589801,0.5237892197006223,65
r4_real,clipart,cosine_mean4,art,-0.018903139207918154,0.4966521408954902,0.5194751444845938,65
r4_real,clipart,cosine_mean4,product,-0.03439639300893352,0.4879555953069922,0.540318427357727,65
r4_real,clipart,cosine_mean4,real_world,0.008761913226259462,0.5060484295298397,0.5481557478886601,65
r4_real,clipart,source_z_l2_mean4,art,0.13411196800296277,0.5597931508856062,0.5648651579039382,65
r4_real,clipart,source_z_l2_mean4,product,0.053338011439949796,0.5248224338401641,0.5446979261388738,65
r4_real,clipart,source_z_l2_mean4,real_world,0.10327847215983797,0.5468400754654079,0.5599673888536619,65
r4_random,clipart,cosine_stage1,art,0.1719756212945811,0.5814749056563322,0.5819658500944429,65
r4_random,clipart,cosine_stage1,product,0.09415268603206253,0.5362058451564594,0.5472469234890989,65
r4_random,clipart,cosine_stage1,real_world,0.1562895029465282,0.5678599071288959,0.5715832295733072,65
r4_random,clipart,source_z_l2_stage1,art,0.15782690077431913,0.5759605776518695,0.5705840507336148,65
r4_random,clipart,source_z_l2_stage1,product,0.08036635907275566,0.5332239705573312,0.5395763175229401,65
r4_random,clipart,source_z_l2_stage1,real_world,0.13339315416523187,0.5618076116216545,0.5642518060534529,65
r4_random,clipart,cosine_stage2,art,0.1383207511064139,0.5709275841673312,0.5725847014331997,65
r4_random,clipart,cosine_stage2,product,0.06197953155699576,0.5228517384406823,0.5309452538883267,65
r4_random,clipart,cosine_stage2,real_world,0.128558499911294,0.5575624305583937,0.5640895769135528,65
r4_random,clipart,source_z_l2_stage2,art,0.1505653860334227,0.5768534636958168,0.5783487736687243,65
r4_random,clipart,source_z_l2_stage2,product,0.0781316299374096,0.5309131809343642,0.5447707559110657,65
r4_random,clipart,source_z_l2_stage2,real_world,0.12915194953432052,0.5613062205775098,0.56775373658605,65
r4_random,clipart,cosine_stage3,art,0.05130609725006749,0.5337111774283116,0.5512149223046289,65
r4_random,clipart,cosine_stage3,product,-0.008111663406489377,0.49843494223868223,0.5381613060351215,65
r4_random,clipart,cosine_stage3,real_world,0.04502901797871492,0.5234889064071455,0.5540042335701154,65
r4_random,clipart,source_z_l2_stage3,art,0.13320425406375855,0.5706799806457281,0.5830500721414273,65
r4_random,clipart,source_z_l2_stage3,product,0.05964073120987571,0.5242636068953929,0.5616555629830983,65
r4_random,clipart,source_z_l2_stage3,real_world,0.11774202711471508,0.5551271026296907,0.5814307975520417,65
r4_random,clipart,cosine_stage4,art,-0.0481395978476055,0.49260415847802447,0.5158289302232586,65
r4_random,clipart,cosine_stage4,product,-0.05347096774380842,0.4779014686379902,0.5305538759033313,65
r4_random,clipart,cosine_stage4,real_world,-0.005931706576902534,0.502146501407055,0.5412688005237083,65
r4_random,clipart,source_z_l2_stage4,art,-0.027976981666576143,0.49565106904607065,0.512344364314142,65
r4_random,clipart,source_z_l2_stage4,product,-0.06871894832864231,0.46853491642286227,0.512807847543423,65
r4_random,clipart,source_z_l2_stage4,real_world,-0.0395458470888954,0.48375408749568655,0.5193464701248448,65
r4_random,clipart,cosine_mean4,art,-0.02544780284397764,0.5034625607921295,0.5243197225714097,65
r4_random,clipart,cosine_mean4,product,-0.04215513473088612,0.482815950049547,0.5342685579666252,65
r4_random,clipart,cosine_mean4,real_world,0.012257833836561252,0.5102009903947802,0.5495785003235274,65
r4_random,clipart,source_z_l2_mean4,art,0.13332862175684257,0.570171741838227,0.574029525383544,65
r4_random,clipart,source_z_l2_mean4,product,0.054850939888901,0.5217769917452547,0.5463175755177158,65
r4_random,clipart,source_z_l2_mean4,real_world,0.11221750452678186,0.5539913887141511,0.5683312783686232,65
b0,product,cosine_stage1,art,0.10526983691916407,0.5765791007235432,0.5265518965555556,61
b0,product,cosine_stage1,clipart,0.06677063053627756,0.5285327916053111,0.5088784802095986,60
b0,product,cosine_stage1,real_world,0.09386231479310767,0.5716805570395698,0.5582794954377639,62
b0,product,source_z_l2_stage1,art,0.1222295684514435,0.5838212500775614,0.5469476209215363,61
b0,product,source_z_l2_stage1,clipart,0.05919382752430392,0.5225614084612287,0.516053553837538,60
b0,product,source_z_l2_stage1,real_world,0.10877132891323948,0.579267549951918,0.5710747551544593,62
b0,product,cosine_stage2,art,0.06564794175341084,0.556640241441227,0.5034311222161774,61
b0,product,cosine_stage2,clipart,0.05699245812964113,0.5262507494622553,0.4987009229485221,60
b0,product,cosine_stage2,real_world,0.0660907298487512,0.5416317626527051,0.5272918913462775,62
b0,product,source_z_l2_stage2,art,0.10965187303139251,0.5814374785307037,0.5310449393600736,61
b0,product,source_z_l2_stage2,clipart,0.04728662005686247,0.5186351454653605,0.5088922257707231,60
b0,product,source_z_l2_stage2,real_world,0.10391399303953226,0.5676381023613634,0.5564387764318846,62
b0,product,cosine_stage3,art,0.028317596749775253,0.528336592508439,0.503958285949697,61
b0,product,cosine_stage3,clipart,-0.016888426253502963,0.4783017704211044,0.47597439944554626,60
b0,product,cosine_stage3,real_world,0.03579669126662013,0.5062497773978701,0.49269682960811056,62
b0,product,source_z_l2_stage3,art,0.08187308713839184,0.555548305836642,0.5268734417682993,61
b0,product,source_z_l2_stage3,clipart,0.00839499367015861,0.49821656152944266,0.4955981373084615,60
b0,product,source_z_l2_stage3,real_world,0.0759332701201476,0.5419986109627097,0.5258810049797923,62
b0,product,cosine_stage4,art,-0.17843981535967854,0.43749676161452944,0.4385395119421333,61
b0,product,cosine_stage4,clipart,-0.20451903304462488,0.38589448283101324,0.3928986433156377,60
b0,product,cosine_stage4,real_world,-0.10154639080231703,0.447498486305517,0.4126578611936839,62
b0,product,source_z_l2_stage4,art,-0.1773435248912944,0.41928344204713297,0.4142709993241715,61
b0,product,source_z_l2_stage4,clipart,-0.1595284864059614,0.401868184786109,0.4095097238655453,60
b0,product,source_z_l2_stage4,real_world,-0.1291273809966557,0.4115163657085871,0.3799041575431761,62
b0,product,cosine_mean4,art,-0.146748714034502,0.4556275623225285,0.44368714070665577,61
b0,product,cosine_mean4,clipart,-0.18570705047634742,0.39598486901683005,0.39953574365985983,60
b0,product,cosine_mean4,real_world,-0.08165205478034572,0.4614283933468675,0.42268016829545196,62
b0,product,source_z_l2_mean4,art,0.09011106351150754,0.568018888502948,0.5200993966349914,61
b0,product,source_z_l2_mean4,clipart,0.010447319168143981,0.4945971999912229,0.49220638345916545,60
b0,product,source_z_l2_mean4,real_world,0.08487089645629452,0.554926630337999,0.5261858116672097,62
r4_real,product,cosine_stage1,art,0.11515138036814969,0.5693253737807219,0.5341765185972162,61
r4_real,product,cosine_stage1,clipart,0.07067527950700138,0.5110234195845437,0.5055900176914053,61
r4_real,product,cosine_stage1,real_world,0.1089896194457468,0.5561537163138454,0.5286932666426721,61
r4_real,product,source_z_l2_stage1,art,0.14647910173879405,0.5808253852640006,0.5473297231291407,61
r4_real,product,source_z_l2_stage1,clipart,0.07217026587865653,0.5107501609870604,0.5095545873211431,61
r4_real,product,source_z_l2_stage1,real_world,0.1297876254215258,0.5622059275547359,0.5463846824619228,61
r4_real,product,cosine_stage2,art,0.06773251251000477,0.5364333264433662,0.5139616461259428,61
r4_real,product,cosine_stage2,clipart,0.051707022578253985,0.4999124088439,0.49263233018752206,61
r4_real,product,cosine_stage2,real_world,0.06315272075548004,0.5282994238741507,0.5031973835593242,61
r4_real,product,source_z_l2_stage2,art,0.13387828742127175,0.5693496527128425,0.5340890447922961,61
r4_real,product,source_z_l2_stage2,clipart,0.049775404914835446,0.5009706003430089,0.5112420646800551,61
r4_real,product,source_z_l2_stage2,real_world,0.11407547852932765,0.5536556603773585,0.5257015631574786,61
r4_real,product,cosine_stage3,art,0.05322745673105521,0.519587028488374,0.4902445683215618,61
r4_real,product,cosine_stage3,clipart,-0.03537251574671447,0.45542771584203007,0.46442481856857887,61
r4_real,product,cosine_stage3,real_world,0.03152325196587483,0.5064402029707392,0.48884072312914933,61
r4_real,product,source_z_l2_stage3,art,0.12098612406665538,0.5668059424326833,0.5259267302673825,61
r4_real,product,source_z_l2_stage3,clipart,-0.005858676882012141,0.47981612632225545,0.48704284942832693,61
r4_real,product,source_z_l2_stage3,real_world,0.08818444722590069,0.5458396712430973,0.519352547723444,61
r4_real,product,cosine_stage4,art,-0.13754573669075443,0.44478331053082276,0.4100118796741511,61
r4_real,product,cosine_stage4,clipart,-0.19844382340039232,0.38730663808689303,0.38086660676412604,61
r4_real,product,cosine_stage4,real_world,-0.11293247203251204,0.4508813635241143,0.4141669494723669,61
r4_real,product,source_z_l2_stage4,art,-0.14264476707971271,0.4166207335518437,0.38805048323542873,61
r4_real,product,source_z_l2_stage4,clipart,-0.15514148135420075,0.40261686241058603,0.3897963651563876,61
r4_real,product,source_z_l2_stage4,real_world,-0.13515955607603153,0.41751407475712343,0.39955931866521865,61
r4_real,product,cosine_mean4,art,-0.1065209405395834,0.46166668307135056,0.4188107737885932,61
r4_real,product,cosine_mean4,clipart,-0.18086996016745369,0.3947155916774529,0.38479256719436067,61
r4_real,product,cosine_mean4,real_world,-0.09164909729474499,0.4623086476673865,0.4175027813304052,61
r4_real,product,source_z_l2_mean4,art,0.12831425956610115,0.5664112457388834,0.5153501539427202,61
r4_real,product,source_z_l2_mean4,clipart,0.01143771316170112,0.4829268221864043,0.4782146323643007,61
r4_real,product,source_z_l2_mean4,real_world,0.0990841586864408,0.5453625218707145,0.5042159088882086,61
r4_random,product,cosine_stage1,art,0.09542852671126016,0.5768222398332069,0.5278777199165013,62
r4_random,product,cosine_stage1,clipart,0.07061579414075524,0.5206497769883954,0.512106584709171,62
r4_random,product,cosine_stage1,real_world,0.09905832538689736,0.5695878321917205,0.5307215553482997,63
r4_random,product,source_z_l2_stage1,art,0.11922771272298255,0.5896857149349671,0.5476957553047501,62
r4_random,product,source_z_l2_stage1,clipart,0.06703283481692146,0.5161762406995347,0.519542838545059,62
r4_random,product,source_z_l2_stage1,real_world,0.11704557100321138,0.5816324029629085,0.554069233738302,63
r4_random,product,cosine_stage2,art,0.04795245092223666,0.5459213527508642,0.5113114499345863,62
r4_random,product,cosine_stage2,clipart,0.057053761311792774,0.5136627452545591,0.4961286949329118,62
r4_random,product,cosine_stage2,real_world,0.06092959537300753,0.5335257339678265,0.49122589212535783,63
r4_random,product,source_z_l2_stage2,art,0.10094763862323823,0.5807712191062141,0.5311254818573578,62
r4_random,product,source_z_l2_stage2,clipart,0.046893260026732275,0.5099312505612709,0.5120962953646981,62
r4_random,product,source_z_l2_stage2,real_world,0.10552157156259097,0.5726117084058091,0.5185585167957092,63
r4_random,product,cosine_stage3,art,0.01511759455998988,0.5194093644990954,0.49963058242407615,62
r4_random,product,cosine_stage3,clipart,-0.03792357721729044,0.4673398590420313,0.47526809087281346,62
r4_random,product,cosine_stage3,real_world,0.015111207511250974,0.5121989048788727,0.4687796735880789,63
r4_random,product,source_z_l2_stage3,art,0.07720216922572302,0.5636981505625573,0.5215850491394795,62
r4_random,product,source_z_l2_stage3,clipart,-0.008162257602445735,0.48884675893127383,0.49587100199905837,62
r4_random,product,source_z_l2_stage3,real_world,0.0698115222203194,0.556107915922761,0.5055635524700817,63
r4_random,product,cosine_stage4,art,-0.18755450379083638,0.40741876933302656,0.4139455911257588,62
r4_random,product,cosine_stage4,clipart,-0.2172124955707448,0.3784069554342656,0.39732926493076165,62
r4_random,product,cosine_stage4,real_world,-0.13389450232945385,0.43800058057197827,0.4116764678644166,63
r4_random,product,source_z_l2_stage4,art,-0.1862977503946472,0.39678791261543006,0.39669768413279227,62
r4_random,product,source_z_l2_stage4,clipart,-0.16885480176063256,0.39818430969510105,0.4091046281730611,62
r4_random,product,source_z_l2_stage4,real_world,-0.15562138112459512,0.40438293547302445,0.3956940151223265,63
r4_random,product,cosine_mean4,art,-0.15834008790473555,0.4273660499981537,0.424433666356709,62
r4_random,product,cosine_mean4,clipart,-0.19844970277862123,0.38785326800972536,0.40255559328656726,62
r4_random,product,cosine_mean4,real_world,-0.11256839431632196,0.4500003446667417,0.4159675427526291,63
r4_random,product,source_z_l2_mean4,art,0.0841827810229367,0.5681719087750992,0.5181155686710625,62
r4_random,product,source_z_l2_mean4,clipart,0.00449839636246928,0.4882982934041117,0.49331693379210334,62
r4_random,product,source_z_l2_mean4,real_world,0.08323008642165905,0.5561523396361392,0.5055071807686422,63
b0,real_world,cosine_stage1,art,0.0026568396961017616,0.5170450452073052,0.5081135494640839,58
b0,real_world,cosine_stage1,clipart,-0.021013996831789852,0.4782669989596938,0.5085385441341417,61
b0,real_world,cosine_stage1,product,-0.047575383428729044,0.4876710806627125,0.5024529817977652,58
b0,real_world,source_z_l2_stage1,art,0.02099445244599047,0.5158612051679214,0.5027808416169238,58
b0,real_world,source_z_l2_stage1,clipart,-0.022561489057105786,0.4789239150513834,0.5127414325005744,61
b0,real_world,source_z_l2_stage1,product,-0.04201387969216982,0.4891960549910341,0.4965459032729178,58
b0,real_world,cosine_stage2,art,-0.008398386702799902,0.5145888116422319,0.49718010838666526,58
b0,real_world,cosine_stage2,clipart,-0.015371249003458546,0.4757589211927548,0.515506973401073,61
b0,real_world,cosine_stage2,product,-0.058722248028511975,0.47501839165019083,0.5034678561574664,58
b0,real_world,source_z_l2_stage2,art,0.0031669238435622564,0.5085555425476989,0.4885477439476152,58
b0,real_world,source_z_l2_stage2,clipart,-0.03491118568801316,0.4738332204444473,0.5256132789267673,61
b0,real_world,source_z_l2_stage2,product,-0.06351209993303081,0.4780392201940319,0.49481356425464146,58
b0,real_world,cosine_stage3,art,-0.05426275753351613,0.498624794375803,0.49002090553115163,58
b0,real_world,cosine_stage3,clipart,-0.04177050065549339,0.4723907273393116,0.5150767231431866,61
b0,real_world,cosine_stage3,product,-0.09907863499566819,0.465731374622588,0.48700412990641645,58
b0,real_world,source_z_l2_stage3,art,-0.031150906280413275,0.5014843965755316,0.48625046182679454,58
b0,real_world,source_z_l2_stage3,clipart,-0.033382398812569165,0.47694765736656697,0.5185602661934342,61
b0,real_world,source_z_l2_stage3,product,-0.07646811809885541,0.47743536101276685,0.4941727455047773,58
b0,real_world,cosine_stage4,art,-0.277967364696138,0.40000585353553547,0.4391947279452206,58
b0,real_world,cosine_stage4,clipart,-0.1902141339021151,0.4110236807394276,0.4614468248645084,61
b0,real_world,cosine_stage4,product,-0.19418254047426656,0.4278235014636688,0.46001849885271434,58
b0,real_world,source_z_l2_stage4,art,-0.21033995919594353,0.41908950506105686,0.4407477616265885,58
b0,real_world,source_z_l2_stage4,clipart,-0.11922881570693536,0.4374798663482012,0.4520575555066805,61
b0,real_world,source_z_l2_stage4,product,-0.1719556483562774,0.42942089291461677,0.4477516372933922,58
b0,real_world,cosine_mean4,art,-0.26099358998729316,0.4072619862396888,0.44129651878795684,58
b0,real_world,cosine_mean4,clipart,-0.17621998090122742,0.41579807041025657,0.46751360249884416,61
b0,real_world,cosine_mean4,product,-0.18687085338034193,0.4309477830398333,0.4663217379635676,58
b0,real_world,source_z_l2_mean4,art,-0.040615867964687184,0.491782161425501,0.4769781587694811,58
b0,real_world,source_z_l2_mean4,clipart,-0.05243752413169975,0.46571818396891396,0.5095904469239003,61
b0,real_world,source_z_l2_mean4,product,-0.09371520828969528,0.46696438150413044,0.48587550162172716,58
r4_real,real_world,cosine_stage1,art,-0.0017929480051558303,0.5073622021732443,0.4931529767778885,61
r4_real,real_world,cosine_stage1,clipart,-0.024993609823358826,0.47255568686035365,0.49042207794597875,61
r4_real,real_world,cosine_stage1,product,-0.016820529828309158,0.47627441064024234,0.48309163295883045,61
r4_real,real_world,source_z_l2_stage1,art,0.021171049014478874,0.5051277334070211,0.48557348476902584,61
r4_real,real_world,source_z_l2_stage1,clipart,-0.022342699772689212,0.4732810839334954,0.4850432753235363,61
r4_real,real_world,source_z_l2_stage1,product,-0.005873876238442615,0.47903472438945005,0.4764456464882583,61
r4_real,real_world,cosine_stage2,art,-0.015551636365604634,0.5036529840213139,0.48509854799725427,61
r4_real,real_world,cosine_stage2,clipart,-0.023832583692644637,0.4723877158167778,0.5033460446242509,61
r4_real,real_world,cosine_stage2,product,-0.024985786112867395,0.4719164517231851,0.49610275410006655,61
r4_real,real_world,source_z_l2_stage2,art,0.001961705362805598,0.49665425543404185,0.48280157672044205,61
r4_real,real_world,source_z_l2_stage2,clipart,-0.041232714880406855,0.46840992366979567,0.49508790566697886,61
r4_real,real_world,source_z_l2_stage2,product,-0.028142625548903823,0.4724251657789619,0.4861690028524334,61
r4_real,real_world,cosine_stage3,art,-0.04735180699190861,0.483409441822254,0.4775731468800869,61
r4_real,real_world,cosine_stage3,clipart,-0.05864672970674019,0.47102425174845963,0.48947153845781627,61
r4_real,real_world,cosine_stage3,product,-0.06882594788786651,0.4690589385826467,0.48611491275707225,61
r4_real,real_world,source_z_l2_stage3,art,-0.01629072590331535,0.49134106111942416,0.48275718245982296,61
r4_real,real_world,source_z_l2_stage3,clipart,-0.053695133434325484,0.47362891777594446,0.48925989962972305,61
r4_real,real_world,source_z_l2_stage3,product,-0.05115317506832023,0.4764621060166051,0.488151822665392,61
r4_real,real_world,cosine_stage4,art,-0.27113273053510145,0.3941439042574823,0.42866636908343475,61
r4_real,real_world,cosine_stage4,clipart,-0.21174626760335796,0.4082993303455298,0.4635897748965864,61
r4_real,real_world,cosine_stage4,product,-0.17530699943163416,0.42514529633152365,0.4644493754032568,61
r4_real,real_world,source_z_l2_stage4,art,-0.19434499798118166,0.416648356436499,0.44331424908508626,61
r4_real,real_world,source_z_l2_stage4,clipart,-0.15282002749518575,0.4325726326116524,0.45980902317211714,61
r4_real,real_world,source_z_l2_stage4,product,-0.15502466345426053,0.4320095843813613,0.45989531683436213,61
r4_real,real_world,cosine_mean4,art,-0.25657186219666805,0.4004190373759591,0.42953232254277535,61
r4_real,real_world,cosine_mean4,clipart,-0.19713752686780273,0.4133615019286941,0.46489980468481806,61
r4_real,real_world,cosine_mean4,product,-0.16621490305560724,0.42822402187991815,0.4657070775317153,61
r4_real,real_world,source_z_l2_mean4,art,-0.03193586217793965,0.4809388641897332,0.47029221762690987,61
r4_real,real_world,source_z_l2_mean4,clipart,-0.06557765103097249,0.461507874571711,0.4802521816267374,61
r4_real,real_world,source_z_l2_mean4,product,-0.06091941042392509,0.4630631140599478,0.47580047204314724,61
r4_random,real_world,cosine_stage1,art,0.0015303725012993684,0.5091657293856151,0.5027838737018261,59
r4_random,real_world,cosine_stage1,clipart,-0.023967827694544953,0.4696713755387797,0.49392174722634824,60
r4_random,real_world,cosine_stage1,product,-0.04259106690627816,0.46692629568610095,0.471242205069571,58
r4_random,real_world,source_z_l2_stage1,art,0.022135320681290562,0.5102086536719116,0.5002965006109378,59
r4_random,real_world,source_z_l2_stage1,clipart,-0.02161282504501519,0.4705483718264943,0.4905294011558145,60
r4_random,real_world,source_z_l2_stage1,product,-0.03270161925804499,0.4692250473356776,0.4644624049997326,58
r4_random,real_world,cosine_stage2,art,-0.010312116315743317,0.5016083513462057,0.48765385459450694,59
r4_random,real_world,cosine_stage2,clipart,-0.021412228781861355,0.46476532163055817,0.4950588941464809,60
r4_random,real_world,cosine_stage2,product,-0.05221634239959904,0.45395058237227565,0.47236179698949493,58
r4_random,real_world,source_z_l2_stage2,art,0.00581554687821864,0.5004859079061154,0.4915932755895478,59
r4_random,real_world,source_z_l2_stage2,clipart,-0.03872080371852261,0.46390540968611077,0.5005900874215584,60
r4_random,real_world,source_z_l2_stage2,product,-0.05497283639149111,0.459527176006754,0.4672229864524528,58
r4_random,real_world,cosine_stage3,art,-0.0571381537016643,0.48443106721585855,0.48625488135457784,59
r4_random,real_world,cosine_stage3,clipart,-0.054706470394820655,0.45867653287490345,0.4961779404892007,60
r4_random,real_world,cosine_stage3,product,-0.09166365727578346,0.44625638314440047,0.45548827699660366,58
r4_random,real_world,source_z_l2_stage3,art,-0.026923106163160047,0.49420810009626404,0.49567023728324894,59
r4_random,real_world,source_z_l2_stage3,clipart,-0.04869337737104783,0.4646090710744272,0.49841042573066524,60
r4_random,real_world,source_z_l2_stage3,product,-0.07296081782074325,0.4564583487020598,0.46455679167205066,58
r4_random,real_world,cosine_stage4,art,-0.2632538799163411,0.39390959742663784,0.421530105388314,59
r4_random,real_world,cosine_stage4,clipart,-0.2034959603889787,0.39752241430244273,0.4545733275251296,60
r4_random,real_world,cosine_stage4,product,-0.1880737784665528,0.41147511085974703,0.43695717302413795,58
r4_random,real_world,source_z_l2_stage4,art,-0.20420667592531608,0.4165473242187052,0.4341143536161431,59
r4_random,real_world,source_z_l2_stage4,clipart,-0.14497842279775217,0.42200819336629186,0.4582550467232331,60
r4_random,real_world,source_z_l2_stage4,product,-0.1690872657951193,0.4136668961729822,0.42984260438328226,58
r4_random,real_world,cosine_mean4,art,-0.24787694139354696,0.4001591147683125,0.4241923692008664,59
r4_random,real_world,cosine_mean4,clipart,-0.18946852838062855,0.40234197872287414,0.4568067634022809,60
r4_random,real_world,cosine_mean4,product,-0.1804951356216192,0.41396443471774824,0.43818865058189693,58
r4_random,real_world,source_z_l2_mean4,art,-0.03705766695571326,0.48570107985481636,0.4762007183266396,59
r4_random,real_world,source_z_l2_mean4,clipart,-0.06292041167419754,0.45452610523243603,0.48716294020190853,60
r4_random,real_world,source_z_l2_mean4,product,-0.08754976064304103,0.44637523462922435,0.4513762687259169,58
