mode,target,teacher,score,auroc,true_class_macro_auroc,true_classes_supported,predicted_class_macro_auroc,predicted_classes_supported
replay,art,combined,centroid_class_margin,0.7485469389804011,0.7050268397473519,63,0.7300741821084579,62
replay,art,combined,centroid_relative_margin,0.7458631236240292,0.7037401923346075,63,0.7337373050665525,62
replay,art,combined,centroid_negative_candidate_distance,0.5794701571206264,0.5898364465752556,63,0.5607774688450322,62
replay,art,combined,centroid_negative_candidate_rank,0.6795453649056631,0.6613120784527929,63,0.6885733225743864,62
replay,art,combined,centroid_source_class_agreement,0.7218768600256729,0.6980946857090561,63,0.7121895524034983,62
replay,art,combined,source_weight_max_for_candidate,0.4775214776940343,0.4368327020046229,63,0.47551283305232755,62
replay,art,combined,source_weight_negative_entropy_for_candidate,0.47665869470121264,0.4355387001501758,63,0.47659671599191306,62
replay,art,combined,teacher_confidence,0.8729902758754222,0.8457303098929668,63,0.843331993539573,62
replay,art,combined,teacher_probability_margin,0.8689690348304374,0.8385609541612074,63,0.8366679084020361,62
replay,art,combined,teacher_negative_entropy,0.8669996486120175,0.8398833752273089,63,0.8379187091170176,62
replay,art,base,centroid_class_margin,0.7966838543882924,0.731398870047923,61,0.7714323915569872,64
replay,art,base,centroid_relative_margin,0.7994756076193337,0.7395127988242967,61,0.7736456897659185,64
replay,art,base,centroid_negative_candidate_distance,0.5806208438670705,0.5721687315705667,61,0.5658751276700349,64
replay,art,base,centroid_negative_candidate_rank,0.7480434365430987,0.7199708543154438,61,0.7378230469148874,64
replay,art,base,centroid_source_class_agreement,0.7708142474531301,0.7214475373515589,61,0.735531181028817,64
replay,art,base,source_weight_max_for_candidate,0.493694358923014,0.47858521645944396,61,0.45694704450279944,64
replay,art,base,source_weight_negative_entropy_for_candidate,0.49539310655553054,0.4819466134949345,61,0.45888797449681556,64
replay,art,base,teacher_confidence,0.8754027850783876,0.8344891545182481,61,0.846447827047113,64
replay,art,base,teacher_probability_margin,0.8682648744712272,0.827620366866772,61,0.8401774727770648,64
replay,art,base,teacher_negative_entropy,0.8625670613167797,0.8221487975599687,61,0.831777071560852,64
replay,art,pooled,centroid_class_margin,0.7790351990185617,0.73891550783975,63,0.7651789598353406,62
replay,art,pooled,centroid_relative_margin,0.7763471670209816,0.7366411808384596,63,0.7654439216391704,62
replay,art,pooled,centroid_negative_candidate_distance,0.5977926039207119,0.6102656362928255,63,0.5774005975895319,62
replay,art,pooled,centroid_negative_candidate_rank,0.7198921930274181,0.7021444726292151,63,0.7297994645359867,62
replay,art,pooled,centroid_source_class_agreement,0.7531363174213715,0.7261164741705817,63,0.7432303478562063,62
replay,art,pooled,source_weight_max_for_candidate,0.4843709299296692,0.44023480519170854,63,0.4790316459841759,62
replay,art,pooled,source_weight_negative_entropy_for_candidate,0.4835079699854633,0.4378830706572902,63,0.4846430683640239,62
replay,art,pooled,teacher_confidence,0.872964229596081,0.8435159770492211,63,0.8505941685997794,62
replay,art,pooled,teacher_probability_margin,0.8683670982866842,0.8353452065386051,63,0.845903874251532,62
replay,art,pooled,teacher_negative_entropy,0.8693376131216967,0.8418057152117513,63,0.8410802553266342,62
replay,art,weighted_source,centroid_class_margin,0.7767188211937772,0.7356495300349996,65,0.7691481237148767,64
replay,art,weighted_source,centroid_relative_margin,0.774856391980733,0.7331189120746362,65,0.7716337483141185,64
replay,art,weighted_source,centroid_negative_candidate_distance,0.6015878246436243,0.6073613448487319,65,0.5850224634942447,64
replay,art,weighted_source,centroid_negative_candidate_rank,0.7077190327410011,0.695977941242095,65,0.7274890966332828,64
replay,art,weighted_source,centroid_source_class_agreement,0.7486843389962898,0.7250123345593491,65,0.7393648863729336,64
replay,art,weighted_source,source_weight_max_for_candidate,0.46544009958992383,0.43844495787784227,65,0.45459284015980234,64
replay,art,weighted_source,source_weight_negative_entropy_for_candidate,0.465079655666211,0.43816925101517107,65,0.4565105887645142,64
replay,art,weighted_source,teacher_confidence,0.8704342413591095,0.8444146419470692,65,0.8467651541919046,64
replay,art,weighted_source,teacher_probability_margin,0.8656443240252555,0.8370234296142732,65,0.8424630516558825,64
replay,art,weighted_source,teacher_negative_entropy,0.8674343389962897,0.8434566469099375,65,0.8411431002686306,64
replay,art,student_post_update,centroid_class_margin,0.7565818613946956,0.715943814015618,62,0.7394103032658138,62
replay,art,student_post_update,centroid_relative_margin,0.753664091899386,0.7144007453642062,62,0.7397799151073953,62
replay,art,student_post_update,centroid_negative_candidate_distance,0.5845135850483444,0.6014480427643165,62,0.5684366864704486,62
replay,art,student_post_update,centroid_negative_candidate_rank,0.6930773870613443,0.675352547234403,62,0.6910832460707259,62
replay,art,student_post_update,centroid_source_class_agreement,0.7272902825041863,0.7010757072935243,62,0.7142482089659561,62
replay,art,student_post_update,source_weight_max_for_candidate,0.4863676875708961,0.44063651878989635,62,0.4829309612060495,62
replay,art,student_post_update,source_weight_negative_entropy_for_candidate,0.4864131511190335,0.43922027599708646,62,0.4887993377538734,62
replay,art,student_post_update,teacher_confidence,0.8720430688345127,0.839876953882893,62,0.8416179360925292,62
replay,art,student_post_update,teacher_probability_margin,0.8691370028268424,0.8362225868023843,62,0.8438241544687628,62
replay,art,student_post_update,teacher_negative_entropy,0.8632888600803039,0.8315930965063304,62,0.8374967211800608,62
replay,art,student_temporal,centroid_class_margin,0.7370527602126652,0.6899949001956579,61,0.7184768851000057,63
replay,art,student_temporal,centroid_relative_margin,0.7358438396514716,0.688354924413461,61,0.7209232923699052,63
replay,art,student_temporal,centroid_negative_candidate_distance,0.5654880314993048,0.5866963656651032,61,0.5616694794373782,63
replay,art,student_temporal,centroid_negative_candidate_rank,0.6743269063423416,0.6612651145659924,61,0.6780673529259026,63
replay,art,student_temporal,centroid_source_class_agreement,0.7107484453393866,0.6852368479467976,61,0.7057807145789706,63
replay,art,student_temporal,source_weight_max_for_candidate,0.49123111529471647,0.4714730125194872,61,0.459959294018327,63
replay,art,student_temporal,source_weight_negative_entropy_for_candidate,0.49064162616658025,0.46954531175828806,61,0.4590516536531485,63
replay,art,student_temporal,teacher_confidence,0.8781521293657284,0.8350482248431096,61,0.8469941602188462,63
replay,art,student_temporal,teacher_probability_margin,0.8779107195323012,0.8357746203413422,61,0.8473187515173396,63
replay,art,student_temporal,teacher_negative_entropy,0.8632651896377168,0.8199430181046224,61,0.8336133412941537,63
replay,art,source0,centroid_class_margin,0.8023139836425294,0.7576678542527314,65,0.7751822258123868,63
replay,art,source0,centroid_relative_margin,0.7963437918554616,0.7548620625171868,65,0.7696595644540928,63
replay,art,source0,centroid_negative_candidate_distance,0.639878379704831,0.6469273663465003,65,0.6376614283993842,63
replay,art,source0,centroid_negative_candidate_rank,0.7384530379742827,0.7158311970599822,65,0.7335053209988808,63
replay,art,source0,centroid_source_class_agreement,0.767172415212511,0.7448940727088433,65,0.7582708943171765,63
replay,art,source0,source_weight_max_for_candidate,0.4739953897643904,0.41622718519683677,65,0.45362927860693464,63
replay,art,source0,source_weight_negative_entropy_for_candidate,0.47496192439340257,0.4159288320969563,65,0.45524396859324295,63
replay,art,source0,teacher_confidence,0.8643036042796666,0.8235929434288236,65,0.8250841922260833,63
replay,art,source0,teacher_probability_margin,0.857882204680529,0.8190273783787242,65,0.8198635372843492,63
replay,art,source0,teacher_negative_entropy,0.863524677109357,0.8201417719054672,65,0.823004256309092,63
replay,art,source1,centroid_class_margin,0.802360550415482,0.7530370343391051,64,0.7550446891172179,63
replay,art,source1,centroid_relative_margin,0.7985356026452616,0.7492525181857519,64,0.7633272890676918,63
replay,art,source1,centroid_negative_candidate_distance,0.6098989177047172,0.6057862402715689,64,0.562362682748039,63
replay,art,source1,centroid_negative_candidate_rank,0.7471843043621683,0.706529271023717,64,0.7174603565945303,63
replay,art,source1,centroid_source_class_agreement,0.7740653618384883,0.7390752232625768,64,0.7439316762228056,63
replay,art,source1,source_weight_max_for_candidate,0.4934991596110649,0.45406794222157554,64,0.46906904846422054,63
replay,art,source1,source_weight_negative_entropy_for_candidate,0.49469730290130537,0.4553394645581543,64,0.47635321351133403,63
replay,art,source1,teacher_confidence,0.8430141688003644,0.7972243950097966,64,0.817242472517143,63
replay,art,source1,teacher_probability_margin,0.8385153390615919,0.7930459960427911,64,0.81713444449618,63
replay,art,source1,teacher_negative_entropy,0.8382836430467633,0.7910942340921058,64,0.8103660557785572,63
replay,art,source2,centroid_class_margin,0.7735376201762756,0.7367146123114361,65,0.751011291950899,63
replay,art,source2,centroid_relative_margin,0.7713119435808511,0.7330388046921824,65,0.7515019761694373,63
replay,art,source2,centroid_negative_candidate_distance,0.5903113382104979,0.5980249589857852,65,0.5634738610799382,63
replay,art,source2,centroid_negative_candidate_rank,0.7186387375463006,0.698681928167956,65,0.7165830411007826,63
replay,art,source2,centroid_source_class_agreement,0.7419651621332294,0.7114075419192127,65,0.71674482817928,63
replay,art,source2,source_weight_max_for_candidate,0.5031418550326113,0.4744140608526122,65,0.4910771432106802,63
replay,art,source2,source_weight_negative_entropy_for_candidate,0.5039246467817896,0.47491987499186716,65,0.4944619902609555,63
replay,art,source2,teacher_confidence,0.8668741000673774,0.8357348481802072,65,0.83735723038838,63
replay,art,source2,teacher_probability_margin,0.8625073961208415,0.8304366140059798,65,0.8340219145061154,63
replay,art,source2,teacher_negative_entropy,0.8628032409545014,0.8360154263009865,65,0.8308140526108245,63
full,art,combined,centroid_class_margin,0.749043670585707,0.704306586569237,63,0.730524042503352,62
full,art,combined,centroid_relative_margin,0.7458536672725807,0.7014299160864731,63,0.7311185841217762,62
full,art,combined,centroid_negative_candidate_distance,0.5782654440932332,0.588349166480347,63,0.5590943010972846,62
full,art,combined,centroid_negative_candidate_rank,0.684645898439249,0.6672877207590071,63,0.6951988014205865,62
full,art,combined,centroid_source_class_agreement,0.7251206604761947,0.6982311304472175,63,0.7119215747047151,62
full,art,combined,source_weight_max_for_candidate,0.47809934006106897,0.43455721346884024,63,0.47743014783775506,62
full,art,combined,source_weight_negative_entropy_for_candidate,0.4775755079380714,0.4341395119180589,63,0.47693778433312906,62
full,art,combined,teacher_confidence,0.8735308075969089,0.8451823617238773,63,0.8441495084273624,62
full,art,combined,teacher_probability_margin,0.8693831317102,0.8367760518180801,63,0.8362760168375301,62
full,art,combined,teacher_negative_entropy,0.8673433204688521,0.8394642597537285,63,0.8380087284511389,62
full,art,base,centroid_class_margin,0.7956959775725263,0.7298058830914611,61,0.7698358035701396,64
full,art,base,centroid_relative_margin,0.7980104795040591,0.7388182463159129,61,0.7727380740522469,64
full,art,base,centroid_negative_candidate_distance,0.5802645741032765,0.5721758227920425,61,0.5665448673208396,64
full,art,base,centroid_negative_candidate_rank,0.7501305766230298,0.7213233834055198,61,0.7414055876822314,64
full,art,base,centroid_source_class_agreement,0.7725847496516566,0.723439943183386,61,0.7336056303764404,64
full,art,base,source_weight_max_for_candidate,0.49223298540712374,0.46932528263165735,61,0.4557568362671597,64
full,art,base,source_weight_negative_entropy_for_candidate,0.4943968861855773,0.4729510345038827,61,0.4588069442646163,64
full,art,base,teacher_confidence,0.8754027850783876,0.8344891545182481,61,0.846447827047113,64
full,art,base,teacher_probability_margin,0.8682648744712272,0.827620366866772,61,0.8401774727770648,64
full,art,base,teacher_negative_entropy,0.8625670613167797,0.8221487975599687,61,0.831777071560852,64
full,art,pooled,centroid_class_margin,0.7789482308060734,0.737868669533391,63,0.7651850842102376,62
full,art,pooled,centroid_relative_margin,0.7759623221773143,0.734555224585988,63,0.7627019860194292,62
full,art,pooled,centroid_negative_candidate_distance,0.5981585426312296,0.6107477507682779,63,0.5781378314036346,62
full,art,pooled,centroid_negative_candidate_rank,0.7227713870379551,0.7077707057765986,63,0.7314526007137228,62
full,art,pooled,centroid_source_class_agreement,0.7533325210698351,0.7243924667091439,63,0.7413148971720421,62
full,art,pooled,source_weight_max_for_candidate,0.48473980959423235,0.4380591966476862,63,0.48055241943112903,62
full,art,pooled,source_weight_negative_entropy_for_candidate,0.4843053886680839,0.4361644944006106,63,0.48273446345220716,62
full,art,pooled,teacher_confidence,0.872964229596081,0.8435159770492211,63,0.8505941685997794,62
full,art,pooled,teacher_probability_margin,0.8683670982866842,0.8353452065386051,63,0.845903874251532,62
full,art,pooled,teacher_negative_entropy,0.8693376131216967,0.8418057152117513,63,0.8410802553266342,62
full,art,weighted_source,centroid_class_margin,0.7772776289131429,0.7316062431923669,64,0.7697866607362007,64
full,art,weighted_source,centroid_relative_margin,0.7751286680609111,0.7269472015569103,64,0.7708736188912813,64
full,art,weighted_source,centroid_negative_candidate_distance,0.6031305143454676,0.6037581761447569,64,0.5851784277069627,64
full,art,weighted_source,centroid_negative_candidate_rank,0.709907440690151,0.6965547565557486,64,0.7269349950754036,64
full,art,weighted_source,centroid_source_class_agreement,0.7510656983203712,0.7221587906912883,64,0.7393624981173377,64
full,art,weighted_source,source_weight_max_for_candidate,0.4629738252401804,0.4332890786775645,64,0.4518089537215393,64
full,art,weighted_source,source_weight_negative_entropy_for_candidate,0.46299792497222403,0.43154981407893894,64,0.453152578572653,64
full,art,weighted_source,teacher_confidence,0.8680976733546827,0.8394572137713199,64,0.8452113599539324,64
full,art,weighted_source,teacher_probability_margin,0.8628794686621789,0.8334768777926824,64,0.8404483112850326,64
full,art,weighted_source,teacher_negative_entropy,0.8657436605450625,0.8399764424155731,64,0.8394465593257053,64
full,art,student_post_update,centroid_class_margin,0.7565697077729163,0.7149892955212127,62,0.7405970961517084,62
full,art,student_post_update,centroid_relative_margin,0.7532355641981311,0.7116275887617352,62,0.7376229574594698,62
full,art,student_post_update,centroid_negative_candidate_distance,0.5848057221051873,0.6017117856955975,62,0.5684253060504567,62
full,art,student_post_update,centroid_negative_candidate_rank,0.6983259511334378,0.68137758402913,62,0.6976725568385406,62
full,art,student_post_update,centroid_source_class_agreement,0.7300644592088442,0.7010788137693906,62,0.7157307364598113,62
full,art,student_post_update,source_weight_max_for_candidate,0.48692090242892383,0.439507374144685,62,0.48440677711677116,62
full,art,student_post_update,source_weight_negative_entropy_for_candidate,0.4871864815715083,0.4383159682176771,62,0.48854358996897695,62
full,art,student_post_update,teacher_confidence,0.8720430688345127,0.839876953882893,62,0.8416179360925292,62
full,art,student_post_update,teacher_probability_margin,0.8691370028268424,0.8362225868023843,62,0.8438241544687628,62
full,art,student_post_update,teacher_negative_entropy,0.8632888600803039,0.8315930965063304,62,0.8374967211800608,62
full,art,student_temporal,centroid_class_margin,0.736705616614985,0.6879333481963577,61,0.716505196012392,63
full,art,student_temporal,centroid_relative_margin,0.7349558631711521,0.6846666670581023,61,0.7169651397947547,63
full,art,student_temporal,centroid_negative_candidate_distance,0.5652985528509753,0.5857152983705948,61,0.5616679688500501,63
full,art,student_temporal,centroid_negative_candidate_rank,0.6775592717282886,0.6666397129077478,61,0.6798054744634254,63
full,art,student_temporal,centroid_source_class_agreement,0.7126956308562937,0.6856355001951978,61,0.7043144339807129,63
full,art,student_temporal,source_weight_max_for_candidate,0.4914042192450422,0.468865114727854,61,0.4611003649510998,63
full,art,student_temporal,source_weight_negative_entropy_for_candidate,0.49096163455042563,0.46808382670254334,61,0.46049608359337124,63
full,art,student_temporal,teacher_confidence,0.8781521293657284,0.8350482248431096,61,0.8469941602188462,63
full,art,student_temporal,teacher_probability_margin,0.8779107195323012,0.8357746203413422,61,0.8473187515173396,63
full,art,student_temporal,teacher_negative_entropy,0.8632651896377168,0.8199430181046224,61,0.8336133412941537,63
full,art,source0,centroid_class_margin,0.8023199205874251,0.7567831527450127,65,0.7741497677450622,63
full,art,source0,centroid_relative_margin,0.7961490600628841,0.7532211970179366,65,0.7694554956347199,63
full,art,source0,centroid_negative_candidate_distance,0.6401269397977956,0.646582789401695,65,0.6374940024286089,63
full,art,source0,centroid_negative_candidate_rank,0.7422182484271054,0.7197560687383464,65,0.7373745803852899,63
full,art,source0,centroid_source_class_agreement,0.7704207156630855,0.7450234658388052,65,0.758558783685809,63
full,art,source0,source_weight_max_for_candidate,0.4739514563721625,0.41635937935086637,65,0.45475777501569775,63
full,art,source0,source_weight_negative_entropy_for_candidate,0.47524373137778286,0.4164609991686501,65,0.4544150802980618,63
full,art,source0,teacher_confidence,0.8643036042796666,0.8235929434288236,65,0.8250841922260833,63
full,art,source0,teacher_probability_margin,0.857882204680529,0.8190273783787242,65,0.8198635372843492,63
full,art,source0,teacher_negative_entropy,0.863524677109357,0.8201417719054672,65,0.823004256309092,63
full,art,source1,centroid_class_margin,0.8024842525250938,0.7534665392744246,64,0.7567047922995773,63
full,art,source1,centroid_relative_margin,0.798245786274171,0.747057653766452,64,0.7643233274664983,63
full,art,source1,centroid_negative_candidate_distance,0.610168706115204,0.6049932118311155,64,0.5610264895171837,63
full,art,source1,centroid_negative_candidate_rank,0.7452800772843656,0.7083939568057752,64,0.7158168255350564,63
full,art,source1,centroid_source_class_agreement,0.7730211589513203,0.7381366667231996,64,0.7401895965704097,63
full,art,source1,source_weight_max_for_candidate,0.49296547336673946,0.45302328887630533,64,0.46970891121327724,63
full,art,source1,source_weight_negative_entropy_for_candidate,0.494708298644382,0.4558964868429056,64,0.4772778196145508,63
full,art,source1,teacher_confidence,0.8430141688003644,0.7972243950097966,64,0.817242472517143,63
full,art,source1,teacher_probability_margin,0.8385153390615919,0.7930459960427911,64,0.81713444449618,63
full,art,source1,teacher_negative_entropy,0.8382836430467633,0.7910942340921058,64,0.8103660557785572,63
full,art,source2,centroid_class_margin,0.7736517683996675,0.7343279399558769,65,0.7504901333009494,63
full,art,source2,centroid_relative_margin,0.7710674013195021,0.7299539435523529,65,0.7503054001372124,63
full,art,source2,centroid_negative_candidate_distance,0.5908085456404785,0.5994719776405193,65,0.5630992939652831,63
full,art,source2,centroid_negative_candidate_rank,0.7210144741657347,0.7017326542825586,65,0.7190786215111896,63
full,art,source2,centroid_source_class_agreement,0.7428150747478478,0.7094530565584382,65,0.7158932830893797,63
full,art,source2,source_weight_max_for_candidate,0.5023966851697944,0.47038024627419284,65,0.49191447672023636,63
full,art,source2,source_weight_negative_entropy_for_candidate,0.5037715941077285,0.4720887217908174,65,0.493410504856943,63
full,art,source2,teacher_confidence,0.8668741000673774,0.8357348481802072,65,0.83735723038838,63
full,art,source2,teacher_probability_margin,0.8625073961208415,0.8304366140059798,65,0.8340219145061154,63
full,art,source2,teacher_negative_entropy,0.8628032409545014,0.8360154263009865,65,0.8308140526108245,63
replay,clipart,combined,centroid_class_margin,0.6750254715197894,0.6501363069263968,65,0.7580500939563763,64
replay,clipart,combined,centroid_relative_margin,0.674270967807559,0.6500271679632241,65,0.7523291917201931,64
replay,clipart,combined,centroid_negative_candidate_distance,0.5397711716644812,0.5276086211144735,65,0.6355394843580149,64
replay,clipart,combined,centroid_negative_candidate_rank,0.6494502220387557,0.6355006884809369,65,0.7455203164393225,64
replay,clipart,combined,centroid_source_class_agreement,0.654588497214238,0.6359366008142351,65,0.6827724943222053,64
replay,clipart,combined,source_weight_max_for_candidate,0.4545066365811711,0.4545530227212951,65,0.4112204231392511,64
replay,clipart,combined,source_weight_negative_entropy_for_candidate,0.4557098586224697,0.45102521263570045,65,0.4143826667202931,64
replay,clipart,combined,teacher_confidence,0.8404872561875449,0.8180806838512759,65,0.8370223071525851,64
replay,clipart,combined,teacher_probability_margin,0.832567775009769,0.805146437464991,65,0.8187613699055347,64
replay,clipart,combined,teacher_negative_entropy,0.8305249675990402,0.8116769094091655,65,0.8235223803931535,64
replay,clipart,base,centroid_class_margin,0.73315485803015,0.7151821295073116,65,0.7709294513050619,62
replay,clipart,base,centroid_relative_margin,0.7345733598369474,0.7195360269746452,65,0.7642269762950288,62
replay,clipart,base,centroid_negative_candidate_distance,0.5771554551172717,0.5688429827618002,65,0.6721805587315121,62
replay,clipart,base,centroid_negative_candidate_rank,0.7079332807627935,0.6940112790301034,65,0.7606480270933955,62
replay,clipart,base,centroid_source_class_agreement,0.690560019012732,0.6715611875460373,65,0.7120637484721413,62
replay,clipart,base,source_weight_max_for_candidate,0.49313213344855183,0.4930688872078247,65,0.3730184432655068,62
replay,clipart,base,source_weight_negative_entropy_for_candidate,0.4985589289718261,0.49328287152950373,65,0.3706449381998148,62
replay,clipart,base,teacher_confidence,0.8292901885401261,0.7895642349422602,65,0.8122512107502784,62
replay,clipart,base,teacher_probability_margin,0.8171660028166389,0.7706055235358977,65,0.8045696369889802,62
replay,clipart,base,teacher_negative_entropy,0.8197993585722312,0.7908776059541418,65,0.8023835455579855,62
replay,clipart,pooled,centroid_class_margin,0.7000949263502455,0.680857640889499,65,0.7643415597276806,64
replay,clipart,pooled,centroid_relative_margin,0.7006971120848952,0.6811974974311192,65,0.7569369692512968,64
replay,clipart,pooled,centroid_negative_candidate_distance,0.5510161026344966,0.5525922438898111,65,0.6447930516659782,64
replay,clipart,pooled,centroid_negative_candidate_rank,0.6724481283987118,0.6706682055704731,65,0.750212384808557,64
replay,clipart,pooled,centroid_source_class_agreement,0.6703238477377118,0.6629294655902218,65,0.6935147533458674,64
replay,clipart,pooled,source_weight_max_for_candidate,0.450728789398659,0.45184697661095446,65,0.4157901929379164,64
replay,clipart,pooled,source_weight_negative_entropy_for_candidate,0.45179557573517765,0.44881654626816353,65,0.4166973875066444,64
replay,clipart,pooled,teacher_confidence,0.8257555567287894,0.8132835068496245,65,0.8199781619197765,64
replay,clipart,pooled,teacher_probability_margin,0.8133752177815321,0.7979811447724072,65,0.8048145106068059,64
replay,clipart,pooled,teacher_negative_entropy,0.8229014307586716,0.8135560351658626,65,0.8223366030715902,64
replay,clipart,weighted_source,centroid_class_margin,0.687164823392255,0.6599179797322599,65,0.7636669169114525,63
replay,clipart,weighted_source,centroid_relative_margin,0.6835996891115522,0.6572766601146085,65,0.7600522481287327,63
replay,clipart,weighted_source,centroid_negative_candidate_distance,0.5491594458623479,0.5380452449930644,65,0.6502091627143058,63
replay,clipart,weighted_source,centroid_negative_candidate_rank,0.6624972954805642,0.6487181596431691,65,0.7533564447345528,63
replay,clipart,weighted_source,centroid_source_class_agreement,0.6784708699625044,0.6625525800324682,65,0.7104202278848907,63
replay,clipart,weighted_source,source_weight_max_for_candidate,0.4102113201205743,0.4074034291747563,65,0.38641755854721654,63
replay,clipart,weighted_source,source_weight_negative_entropy_for_candidate,0.4097437270903572,0.40324975062843577,65,0.3892958621453714,63
replay,clipart,weighted_source,teacher_confidence,0.8257019672096712,0.794075446681412,65,0.8075258115744165,63
replay,clipart,weighted_source,teacher_probability_margin,0.8119905263047337,0.7818582708740401,65,0.7909444320686536,63
replay,clipart,weighted_source,teacher_negative_entropy,0.8284287529802229,0.8024508454041249,65,0.8187763239678022,63
replay,clipart,student_post_update,centroid_class_margin,0.6770854981503803,0.6530742210873717,65,0.7567233199767651,64
replay,clipart,student_post_update,centroid_relative_margin,0.6761428749562088,0.6538025954101448,65,0.7503338627041748,64
replay,clipart,student_post_update,centroid_negative_candidate_distance,0.5426918179882618,0.5336510715558345,65,0.6363011611005087,64
replay,clipart,student_post_update,centroid_negative_candidate_rank,0.6523374510450923,0.63987276834136,65,0.7461412629911088,64
replay,clipart,student_post_update,centroid_source_class_agreement,0.6547161696882918,0.6373697325579636,65,0.6882518108086664,64
replay,clipart,student_post_update,source_weight_max_for_candidate,0.4667103447222856,0.46999544469974186,65,0.4197242917403264,64
replay,clipart,student_post_update,source_weight_negative_entropy_for_candidate,0.4682631812440675,0.46420375184444995,65,0.4234220100574671,64
replay,clipart,student_post_update,teacher_confidence,0.8398295516718679,0.8187503833614229,65,0.8277003394873567,64
replay,clipart,student_post_update,teacher_probability_margin,0.8294072564808791,0.802108994787587,65,0.8136100096496254,64
replay,clipart,student_post_update,teacher_negative_entropy,0.8313537892816214,0.815032911512086,65,0.8180871065799813,64
replay,clipart,student_temporal,centroid_class_margin,0.6612732998825664,0.6407330590501541,65,0.7435860917245596,65
replay,clipart,student_temporal,centroid_relative_margin,0.6616627522152236,0.6412150710057014,65,0.7363814442574642,65
replay,clipart,student_temporal,centroid_negative_candidate_distance,0.5198401836233586,0.506985548475097,65,0.6206194436020412,65
replay,clipart,student_temporal,centroid_negative_candidate_rank,0.6396227180527383,0.6298123246175977,65,0.7265535626404732,65
replay,clipart,student_temporal,centroid_source_class_agreement,0.6464783815522579,0.6239208992346208,65,0.6903712208694317,65
replay,clipart,student_temporal,source_weight_max_for_candidate,0.48878253442937974,0.4859497646261513,65,0.41805795173157606,65
replay,clipart,student_temporal,source_weight_negative_entropy_for_candidate,0.48970951211700653,0.4823325572962947,65,0.42121511942692175,65
replay,clipart,student_temporal,teacher_confidence,0.8486539980783602,0.8208323239999906,65,0.8395066752136301,65
replay,clipart,student_temporal,teacher_probability_margin,0.8405635742500267,0.8081011156142065,65,0.8342822749293753,65
replay,clipart,student_temporal,teacher_negative_entropy,0.8367078039927405,0.8182865724667667,65,0.8289341869584463,65
replay,clipart,source0,centroid_class_margin,0.7075315877367111,0.6826570151324031,65,0.7701966888146458,63
replay,clipart,source0,centroid_relative_margin,0.705874846393799,0.6799058000360654,65,0.7678956436183773,63
replay,clipart,source0,centroid_negative_candidate_distance,0.5648490195460608,0.5584620506454956,65,0.6621543818684663,63
replay,clipart,source0,centroid_negative_candidate_rank,0.6818789845711105,0.6769262752618781,65,0.7676245554942309,63
replay,clipart,source0,centroid_source_class_agreement,0.6890364558716955,0.6745221479555384,65,0.7107374626011584,63
replay,clipart,source0,source_weight_max_for_candidate,0.4253068447973448,0.42734296934991894,65,0.4190233826763381,63
replay,clipart,source0,source_weight_negative_entropy_for_candidate,0.4241076136160738,0.42129891989612933,65,0.4209063739386857,63
replay,clipart,source0,teacher_confidence,0.8364429530201343,0.8091196563229721,65,0.8233324514793063,63
replay,clipart,source0,teacher_probability_margin,0.8246510382203737,0.796025329390667,65,0.8045366473371116,63
replay,clipart,source0,teacher_negative_entropy,0.8372237451554967,0.8163591945474169,65,0.82944794312964,63
replay,clipart,source1,centroid_class_margin,0.734105987394958,0.7117324143891199,65,0.757323286609357,62
replay,clipart,source1,centroid_relative_margin,0.7365806722689076,0.7107418707664978,65,0.7500667182764892,62
replay,clipart,source1,centroid_negative_candidate_distance,0.5695093487394958,0.5732871598275665,65,0.6438175455567454,62
replay,clipart,source1,centroid_negative_candidate_rank,0.7079441176470588,0.7022160312461602,65,0.7469083784512774,62
replay,clipart,source1,centroid_source_class_agreement,0.6995867647058823,0.684185866296567,65,0.7029537496193883,62
replay,clipart,source1,source_weight_max_for_candidate,0.4443033613445378,0.43799879278583076,65,0.409861032200599,62
replay,clipart,source1,source_weight_negative_entropy_for_candidate,0.44686785714285715,0.4377853829678723,65,0.4098708064921967,62
replay,clipart,source1,teacher_confidence,0.8358600840336134,0.8017054863333617,65,0.821557886010251,62
replay,clipart,source1,teacher_probability_margin,0.8239050420168067,0.7901649071527058,65,0.8075912479303694,62
replay,clipart,source1,teacher_negative_entropy,0.8323707983193277,0.803283550760769,65,0.8172758543963684,62
replay,clipart,source2,centroid_class_margin,0.6797956346734633,0.6478846341512984,65,0.744632372247905,63
replay,clipart,source2,centroid_relative_margin,0.6778860883940325,0.646785158691421,65,0.7412750283531243,63
replay,clipart,source2,centroid_negative_candidate_distance,0.5330947338650757,0.5156827191182441,65,0.6224278096829622,63
replay,clipart,source2,centroid_negative_candidate_rank,0.6541495937860887,0.6366403780994598,65,0.7350791475534607,63
replay,clipart,source2,centroid_source_class_agreement,0.662795632990024,0.643009980611388,65,0.6877456581724919,63
replay,clipart,source2,source_weight_max_for_candidate,0.4687004437546084,0.46690433123142433,65,0.41711788741233013,63
replay,clipart,source2,source_weight_negative_entropy_for_candidate,0.46816048058826104,0.46360990583294276,65,0.4173970968644176,63
replay,clipart,source2,teacher_confidence,0.8326986416328015,0.805625486762509,65,0.8220678722553083,63
replay,clipart,source2,teacher_probability_margin,0.8187356697226702,0.7883154651759625,65,0.8059401431030543,63
replay,clipart,source2,teacher_negative_entropy,0.8292624263074432,0.8076021685519754,65,0.8198592447830289,63
full,clipart,combined,centroid_class_margin,0.675041361049757,0.6506123476237903,65,0.7560885554179335,64
full,clipart,combined,centroid_relative_margin,0.6744665017875093,0.6522606128912465,65,0.752769322464176,64
full,clipart,combined,centroid_negative_candidate_distance,0.5397202747119559,0.5318085390458204,65,0.6319328908864983,64
full,clipart,combined,centroid_negative_candidate_rank,0.6502207052737033,0.6409928412405455,65,0.74328041283379,64
full,clipart,combined,centroid_source_class_agreement,0.6581315357662897,0.6383449255618824,65,0.6825072627791473,64
full,clipart,combined,source_weight_max_for_candidate,0.453971317637606,0.457381821590735,65,0.41068513520142813,64
full,clipart,combined,source_weight_negative_entropy_for_candidate,0.4531886996187664,0.4520356792532253,65,0.41290191563331924,64
full,clipart,combined,teacher_confidence,0.8404671255935057,0.8178754464432091,65,0.8376124206475142,64
full,clipart,combined,teacher_probability_margin,0.8331410072771716,0.8067283526181641,65,0.8206165123837383,64
full,clipart,combined,teacher_negative_entropy,0.8305502206205174,0.8112888786382936,65,0.8249878880334807,64
full,clipart,base,centroid_class_margin,0.7330350836971702,0.713792653348724,65,0.7684687116780339,62
full,clipart,base,centroid_relative_margin,0.7344001541845226,0.717340082538877,65,0.7620443963128402,62
full,clipart,base,centroid_negative_candidate_distance,0.5771383444982746,0.5701971461623737,65,0.6722196848354202,62
full,clipart,base,centroid_negative_candidate_rank,0.7083321786289838,0.6939845594244285,65,0.7621452952372214,62
full,clipart,base,centroid_source_class_agreement,0.698700159811082,0.6747393690992709,65,0.7136043035051561,62
full,clipart,base,source_weight_max_for_candidate,0.4936780986596192,0.4957313947725441,65,0.3729958252050726,62
full,clipart,base,source_weight_negative_entropy_for_candidate,0.4960030433807728,0.4948329506776916,65,0.3717024083243416,62
full,clipart,base,teacher_confidence,0.8292901885401261,0.7895642349422602,65,0.8122512107502784,62
full,clipart,base,teacher_probability_margin,0.8171660028166389,0.7706055235358977,65,0.8045696369889802,62
full,clipart,base,teacher_negative_entropy,0.8197993585722312,0.7908776059541418,65,0.8023835455579855,62
full,clipart,pooled,centroid_class_margin,0.7011071221160445,0.681772138393199,65,0.7616922077735437,64
full,clipart,pooled,centroid_relative_margin,0.7016753075339212,0.6820657266988782,65,0.7559760746947318,64
full,clipart,pooled,centroid_negative_candidate_distance,0.5512206324903648,0.5540452302220323,65,0.6454366204524198,64
full,clipart,pooled,centroid_negative_candidate_rank,0.6738425637505939,0.6722813683277331,65,0.7476568161085382,64
full,clipart,pooled,centroid_source_class_agreement,0.674349083997677,0.6649845413037626,65,0.695198032551978,64
full,clipart,pooled,source_weight_max_for_candidate,0.4511208489520089,0.45112767722477776,65,0.4163658535959584,64
full,clipart,pooled,source_weight_negative_entropy_for_candidate,0.45014920014782744,0.4487811189886036,65,0.41719121098995254,64
full,clipart,pooled,teacher_confidence,0.8257555567287894,0.8132835068496245,65,0.8199781619197765,64
full,clipart,pooled,teacher_probability_margin,0.8133752177815321,0.7979811447724072,65,0.8048145106068059,64
full,clipart,pooled,teacher_negative_entropy,0.8229014307586716,0.8135560351658626,65,0.8223366030715902,64
full,clipart,weighted_source,centroid_class_margin,0.6866337082861964,0.6602500451169312,65,0.762168340781672,63
full,clipart,weighted_source,centroid_relative_margin,0.6832537134364247,0.6558688991026932,65,0.7594318498915059,63
full,clipart,weighted_source,centroid_negative_candidate_distance,0.5483794844478649,0.5397820442272486,65,0.6521340030096823,63
full,clipart,weighted_source,centroid_negative_candidate_rank,0.6610751752694943,0.6487946151318562,65,0.7476514783532052,63
full,clipart,weighted_source,centroid_source_class_agreement,0.6802565200167866,0.6638432515196825,65,0.7081628688595167,63
full,clipart,weighted_source,source_weight_max_for_candidate,0.4114703691739093,0.41171873233986245,65,0.38650932762250495,63
full,clipart,weighted_source,source_weight_negative_entropy_for_candidate,0.4096457348674236,0.4066815742740697,65,0.3912975701437962,63
full,clipart,weighted_source,teacher_confidence,0.8289175866853576,0.7994252990155092,65,0.8119562328627912,63
full,clipart,weighted_source,teacher_probability_margin,0.8156666710075333,0.7871642235788501,65,0.7957180678384383,63
full,clipart,weighted_source,teacher_negative_entropy,0.8308940813122748,0.8059292636772158,65,0.8243547565463686,63
full,clipart,student_post_update,centroid_class_margin,0.6772990463070802,0.6525637169512521,65,0.755473471998679,64
full,clipart,student_post_update,centroid_relative_margin,0.6762476344293069,0.6536499255824342,65,0.7486386860549638,64
full,clipart,student_post_update,centroid_negative_candidate_distance,0.5423989580037509,0.5346360385497797,65,0.6346804419097747,64
full,clipart,student_post_update,centroid_negative_candidate_rank,0.6530872022943597,0.6410272980274279,65,0.7438757526160555,64
full,clipart,student_post_update,centroid_source_class_agreement,0.6576846375110167,0.6382554969223847,65,0.687317803203217,64
full,clipart,student_post_update,source_weight_max_for_candidate,0.4670075520128663,0.47083186971397056,65,0.4195204439140542,64
full,clipart,student_post_update,source_weight_negative_entropy_for_candidate,0.46695517227631733,0.46506620083026656,65,0.42359067018677155,64
full,clipart,student_post_update,teacher_confidence,0.8398295516718679,0.8187503833614229,65,0.8277003394873567,64
full,clipart,student_post_update,teacher_probability_margin,0.8294072564808791,0.802108994787587,65,0.8136100096496254,64
full,clipart,student_post_update,teacher_negative_entropy,0.8313537892816214,0.815032911512086,65,0.8180871065799813,64
full,clipart,student_temporal,centroid_class_margin,0.6597362015586634,0.6382807132699487,65,0.7414425614574693,65
full,clipart,student_temporal,centroid_relative_margin,0.6600406747090851,0.6390053195070045,65,0.7339264057688337,65
full,clipart,student_temporal,centroid_negative_candidate_distance,0.5190055514038646,0.507343292315019,65,0.6213734759974303,65
full,clipart,student_temporal,centroid_negative_candidate_rank,0.638616205828974,0.6285462807285186,65,0.7234233500142273,65
full,clipart,student_temporal,centroid_source_class_agreement,0.6496952065762784,0.6252474821955434,65,0.6905922255693853,65
full,clipart,student_temporal,source_weight_max_for_candidate,0.48874879897512546,0.4862704247043668,65,0.4185847335699811,65
full,clipart,student_temporal,source_weight_negative_entropy_for_candidate,0.48825888758407177,0.4837052234870831,65,0.42037479522133986,65
full,clipart,student_temporal,teacher_confidence,0.8486539980783602,0.8208323239999906,65,0.8395066752136301,65
full,clipart,student_temporal,teacher_probability_margin,0.8405635742500267,0.8081011156142065,65,0.8342822749293753,65
full,clipart,student_temporal,teacher_negative_entropy,0.8367078039927405,0.8182865724667667,65,0.8289341869584463,65
full,clipart,source0,centroid_class_margin,0.7089276449149783,0.6835157101523482,65,0.7696254665820798,63
full,clipart,source0,centroid_relative_margin,0.707157891420109,0.680832664023801,65,0.7672791683686626,63
full,clipart,source0,centroid_negative_candidate_distance,0.5654579827961055,0.5607998379818169,65,0.6643255898566683,63
full,clipart,source0,centroid_negative_candidate_rank,0.6849695938494502,0.6805981466203739,65,0.7697776181734838,63
full,clipart,source0,centroid_source_class_agreement,0.6924001428406381,0.6773860840321375,65,0.7142452541417241,63
full,clipart,source0,source_weight_max_for_candidate,0.42872000084023903,0.4292322840291282,65,0.42380051888018455,63
full,clipart,source0,source_weight_negative_entropy_for_candidate,0.42643381542048714,0.42453819610949906,65,0.42442587208477217,63
full,clipart,source0,teacher_confidence,0.8364429530201343,0.8091196563229721,65,0.8233324514793063,63
full,clipart,source0,teacher_probability_margin,0.8246510382203737,0.796025329390667,65,0.8045366473371116,63
full,clipart,source0,teacher_negative_entropy,0.8372237451554967,0.8163591945474169,65,0.82944794312964,63
full,clipart,source1,centroid_class_margin,0.7349100840336135,0.7121679449072122,65,0.7530031259915694,62
full,clipart,source1,centroid_relative_margin,0.7373890756302521,0.7108416741597507,65,0.7485727667455783,62
full,clipart,source1,centroid_negative_candidate_distance,0.5695257352941177,0.5747499012461386,65,0.6446926574915951,62
full,clipart,source1,centroid_negative_candidate_rank,0.7069963235294118,0.7027563087346222,65,0.7425158369559086,62
full,clipart,source1,centroid_source_class_agreement,0.7028756302521009,0.6864551528006707,65,0.7058241345782533,62
full,clipart,source1,source_weight_max_for_candidate,0.44401050420168064,0.4386646534091521,65,0.4074525948765579,62
full,clipart,source1,source_weight_negative_entropy_for_candidate,0.44454180672268906,0.4377481377957955,65,0.40731366871505864,62
full,clipart,source1,teacher_confidence,0.8358600840336134,0.8017054863333617,65,0.821557886010251,62
full,clipart,source1,teacher_probability_margin,0.8239050420168067,0.7901649071527058,65,0.8075912479303694,62
full,clipart,source1,teacher_negative_entropy,0.8323707983193277,0.803283550760769,65,0.8172758543963684,62
full,clipart,source2,centroid_class_margin,0.679782693233584,0.6474308834102389,65,0.7433813282409597,63
full,clipart,source2,centroid_relative_margin,0.6776089521936898,0.6460259217579738,65,0.7415202896112454,63
full,clipart,source2,centroid_negative_candidate_distance,0.5328014997761026,0.5169217377329842,65,0.6213382556970083,63
full,clipart,source2,centroid_negative_candidate_rank,0.6551005265798236,0.6377019167677994,65,0.7315865306278717,63
full,clipart,source2,centroid_source_class_agreement,0.6646950786334513,0.6428336248937458,65,0.6862611479386721,63
full,clipart,source2,source_weight_max_for_candidate,0.4689425433738144,0.46660409563762745,65,0.4176343200174827,63
full,clipart,source2,source_weight_negative_entropy_for_candidate,0.46598421438936605,0.46273394623390124,65,0.41632779909913253,63
full,clipart,source2,teacher_confidence,0.8326986416328015,0.805625486762509,65,0.8220678722553083,63
full,clipart,source2,teacher_probability_margin,0.8187356697226702,0.7883154651759625,65,0.8059401431030543,63
full,clipart,source2,teacher_negative_entropy,0.8292624263074432,0.8076021685519754,65,0.8198592447830289,63
replay,product,combined,centroid_class_margin,0.7940427380055863,0.7633722071761679,60,0.8158174848719763,61
replay,product,combined,centroid_relative_margin,0.7875324240649318,0.7570240457908773,60,0.8055342820813729,61
replay,product,combined,centroid_negative_candidate_distance,0.5374354009028932,0.5489892446048474,60,0.5789888105767097,61
replay,product,combined,centroid_negative_candidate_rank,0.7178520625889047,0.695827879224154,60,0.7278857321978631,61
replay,product,combined,centroid_source_class_agreement,0.7354899570069848,0.6966933871494326,60,0.7479501211222812,61
replay,product,combined,source_weight_max_for_candidate,0.6754158847038104,0.6454606984929093,60,0.6901693439310295,61
replay,product,combined,source_weight_negative_entropy_for_candidate,0.6766259846755203,0.6476214023852639,60,0.6935203632691489,61
replay,product,combined,teacher_confidence,0.8948723159249475,0.8743789142298601,60,0.8884314625905201,61
replay,product,combined,teacher_probability_margin,0.892689992070797,0.8743856238335762,60,0.8860288729498143,61
replay,product,combined,teacher_negative_entropy,0.887016029740488,0.8603374632351659,60,0.8756500663006379,61
replay,product,base,centroid_class_margin,0.8384002721127465,0.8117641891587709,62,0.8544368908762344,61
replay,product,base,centroid_relative_margin,0.8337520208674414,0.8058378155723761,62,0.8477469861106833,61
replay,product,base,centroid_negative_candidate_distance,0.5822594646946688,0.6053744600982027,62,0.6260109520848777,61
replay,product,base,centroid_negative_candidate_rank,0.771618415148156,0.7716918040954454,62,0.7885746739823187,61
replay,product,base,centroid_source_class_agreement,0.7665277416349577,0.7476201565357743,62,0.7788723176100638,61
replay,product,base,source_weight_max_for_candidate,0.7143873126065928,0.7067731017063186,62,0.7023803246792731,61
replay,product,base,source_weight_negative_entropy_for_candidate,0.7156302271909208,0.7088768462142896,62,0.7045338501342254,61
replay,product,base,teacher_confidence,0.8723033756597061,0.8480377702094133,62,0.87642651143791,61
replay,product,base,teacher_probability_margin,0.871224555170108,0.8450415799305477,62,0.8615714510794014,61
replay,product,base,teacher_negative_entropy,0.8576510195007305,0.8416049538540563,62,0.8751972556213787,61
replay,product,pooled,centroid_class_margin,0.8195711032876066,0.7856480569422101,60,0.8483943964325465,60
replay,product,pooled,centroid_relative_margin,0.8117351328445033,0.7780725228780561,60,0.8342717750809209,60
replay,product,pooled,centroid_negative_candidate_distance,0.5665863176683764,0.5587120004376954,60,0.582157731438525,60
replay,product,pooled,centroid_negative_candidate_rank,0.7386162489938071,0.7231633790411343,60,0.7515347105110536,60
replay,product,pooled,centroid_source_class_agreement,0.7656153372528955,0.7224752855482788,60,0.7665583025606828,60
replay,product,pooled,source_weight_max_for_candidate,0.6556050776331503,0.6703445274365495,60,0.6930649347122235,60
replay,product,pooled,source_weight_negative_entropy_for_candidate,0.6565746049404327,0.6716746268519317,60,0.6964445201659313,60
replay,product,pooled,teacher_confidence,0.8748240218385266,0.8480950874299911,60,0.8578638172253749,60
replay,product,pooled,teacher_probability_margin,0.8718657638922213,0.8469458186119823,60,0.8537036448187331,60
replay,product,pooled,teacher_negative_entropy,0.8731387542604795,0.843934731034252,60,0.8599151568423671,60
replay,product,weighted_source,centroid_class_margin,0.8141298728832518,0.77636952707338,61,0.8323415707926745,62
replay,product,weighted_source,centroid_relative_margin,0.8070357850132059,0.7702503012521836,61,0.8226851356377479,62
replay,product,weighted_source,centroid_negative_candidate_distance,0.5628973904136887,0.5480365903587532,61,0.5963981091413524,62
replay,product,weighted_source,centroid_negative_candidate_rank,0.7337049710240997,0.7106703277626993,61,0.7473373322855442,62
replay,product,weighted_source,centroid_source_class_agreement,0.769259904774295,0.7274510329920199,61,0.7778265552073387,62
replay,product,weighted_source,source_weight_max_for_candidate,0.6337597977365826,0.6194999108792583,61,0.6826323813440711,62
replay,product,weighted_source,source_weight_negative_entropy_for_candidate,0.6344865184108307,0.6207144824526419,61,0.6866226617159338,62
replay,product,weighted_source,teacher_confidence,0.8831275524708503,0.8574211492704856,61,0.8782767805259061,62
replay,product,weighted_source,teacher_probability_margin,0.878009015948275,0.8558072478095234,61,0.8704010725977512,62
replay,product,weighted_source,teacher_negative_entropy,0.8810346382297408,0.8543926402296486,61,0.8779335613062984,62
replay,product,student_post_update,centroid_class_margin,0.7954203331213355,0.7643193464142229,60,0.8249476764473593,59
replay,product,student_post_update,centroid_relative_margin,0.788721044105037,0.7577815484787268,60,0.8142417989796569,59
replay,product,student_post_update,centroid_negative_candidate_distance,0.5362704126996181,0.5562781787530154,60,0.5767020959431249,59
replay,product,student_post_update,centroid_negative_candidate_rank,0.7179988118630177,0.6990779122637271,60,0.7334378357583667,59
replay,product,student_post_update,centroid_source_class_agreement,0.7384919994557668,0.7023371712795149,60,0.7513448768688248,59
replay,product,student_post_update,source_weight_max_for_candidate,0.6733825674516914,0.6412574739353499,60,0.6943774971602451,59
replay,product,student_post_update,source_weight_negative_entropy_for_candidate,0.6748853392439589,0.644084385813212,60,0.6978762899056076,59
replay,product,student_post_update,teacher_confidence,0.8920490142101816,0.8718872840020045,60,0.8825819028010049,59
replay,product,student_post_update,teacher_probability_margin,0.8890952835233403,0.8714753599564976,60,0.8777074020452506,59
replay,product,student_post_update,teacher_negative_entropy,0.885264688758737,0.8569179107931153,60,0.8732437877386664,59
replay,product,student_temporal,centroid_class_margin,0.7742884160427146,0.7401548641488985,61,0.8011031619556241,60
replay,product,student_temporal,centroid_relative_margin,0.7664248353663474,0.7314526331434708,61,0.7947949927947687,60
replay,product,student_temporal,centroid_negative_candidate_distance,0.5198975322584437,0.5417099035363617,61,0.5808560920682495,60
replay,product,student_temporal,centroid_negative_candidate_rank,0.6916339634240317,0.6628976055761131,61,0.7198485934170438,60
replay,product,student_temporal,centroid_source_class_agreement,0.6973694750966295,0.6616459544220623,61,0.7211425340318443,60
replay,product,student_temporal,source_weight_max_for_candidate,0.68408950602503,0.6553644717677382,61,0.700117145149976,60
replay,product,student_temporal,source_weight_negative_entropy_for_candidate,0.6869439831983554,0.6612044566593043,61,0.7058692740427649,60
replay,product,student_temporal,teacher_confidence,0.9095766588097616,0.8919648484788549,61,0.9019251959188018,60
replay,product,student_temporal,teacher_probability_margin,0.9084329523300353,0.8915016873582522,61,0.8998704744681958,60
replay,product,student_temporal,teacher_negative_entropy,0.8998253311611473,0.8808198807640328,61,0.8940892069824408,60
replay,product,source0,centroid_class_margin,0.838363465510635,0.7961261008698591,61,0.8635517190188078,61
replay,product,source0,centroid_relative_margin,0.8323287141962503,0.7933164862512014,61,0.8559118793747297,61
replay,product,source0,centroid_negative_candidate_distance,0.5786163250449856,0.5812333065953432,61,0.592088668172789,61
replay,product,source0,centroid_negative_candidate_rank,0.7588136858487833,0.7404398173098841,61,0.7735338582984832,61
replay,product,source0,centroid_source_class_agreement,0.7579266081102606,0.7144807987605027,61,0.7903342830626123,61
replay,product,source0,source_weight_max_for_candidate,0.6955824903935893,0.6908302693970433,61,0.6931750453852245,61
replay,product,source0,source_weight_negative_entropy_for_candidate,0.6979928087052919,0.6962894554983362,61,0.6970467749927176,61
replay,product,source0,teacher_confidence,0.8772930167935474,0.853100040020789,61,0.8736625861282462,61
replay,product,source0,teacher_probability_margin,0.8718574867314152,0.8481138702454319,61,0.870546152198758,61
replay,product,source0,teacher_negative_entropy,0.8772765450057219,0.8521674460511374,61,0.8719376391418138,61
replay,product,source1,centroid_class_margin,0.8483943864609903,0.8044593957746435,60,0.8741613728488662,62
replay,product,source1,centroid_relative_margin,0.8437045763603445,0.7982505448271944,60,0.8659828120729667,62
replay,product,source1,centroid_negative_candidate_distance,0.5889754769426566,0.596727903787387,60,0.6125324032533388,62
replay,product,source1,centroid_negative_candidate_rank,0.781436049742351,0.7577869754831793,60,0.7871641386810155,62
replay,product,source1,centroid_source_class_agreement,0.7986729403057391,0.745209311124916,60,0.8040502954339982,62
replay,product,source1,source_weight_max_for_candidate,0.6733751569348758,0.6720563392574247,60,0.7000085319395833,62
replay,product,source1,source_weight_negative_entropy_for_candidate,0.6744636934092986,0.6726785002425445,60,0.7029204901168462,62
replay,product,source1,teacher_confidence,0.8682602512499933,0.8383082261231208,60,0.8555133683283933,62
replay,product,source1,teacher_probability_margin,0.8635843777372793,0.8338395891738056,60,0.8503838790754032,62
replay,product,source1,teacher_negative_entropy,0.8650787061390374,0.8300806637872377,60,0.8634570893815938,62
replay,product,source2,centroid_class_margin,0.8037060583395662,0.7625810484390044,62,0.8068875339273016,60
replay,product,source2,centroid_relative_margin,0.7967498308223813,0.7558795099873318,62,0.8018573330825994,60
replay,product,source2,centroid_negative_candidate_distance,0.5530044164262564,0.5315889544587936,62,0.5850774829379712,60
replay,product,source2,centroid_negative_candidate_rank,0.716606831214161,0.6856721315805975,62,0.7186903246272415,60
replay,product,source2,centroid_source_class_agreement,0.7546226448694661,0.6983075087743952,62,0.7463822106642369,60
replay,product,source2,source_weight_max_for_candidate,0.641717419952274,0.6289352085653012,62,0.6722089339350931,60
replay,product,source2,source_weight_negative_entropy_for_candidate,0.6432067172418706,0.631091136179234,62,0.6769334360917814,60
replay,product,source2,teacher_confidence,0.8840223314456672,0.8613141947606301,62,0.8660202076000442,60
replay,product,source2,teacher_probability_margin,0.8797793567688855,0.8605613966831104,62,0.8612958229977504,60
replay,product,source2,teacher_negative_entropy,0.883009758877373,0.8592783284986827,62,0.8670850658933432,60
full,product,combined,centroid_class_margin,0.7978248482892446,0.7668515932333632,60,0.8178983053331851,61
full,product,combined,centroid_relative_margin,0.7898960437660129,0.7600121496875166,60,0.8040544846490677,61
full,product,combined,centroid_negative_candidate_distance,0.5408867956855573,0.5470998346606304,60,0.5814805199010743,61
full,product,combined,centroid_negative_candidate_rank,0.7212781556434807,0.7012812315241762,60,0.73534099632076,61
full,product,combined,centroid_source_class_agreement,0.73773643169928,0.7038645971246512,60,0.753041082558866,61
full,product,combined,source_weight_max_for_candidate,0.6737326224942324,0.6438891973213882,60,0.6875166204244649,61
full,product,combined,source_weight_negative_entropy_for_candidate,0.6748955058552581,0.6451388158146864,60,0.6914606106398477,61
full,product,combined,teacher_confidence,0.8950320953416928,0.8744638010833791,60,0.8887185276383602,61
full,product,combined,teacher_probability_margin,0.8926369979001558,0.8740173840212625,60,0.8862063568115787,61
full,product,combined,teacher_negative_entropy,0.8875463698993111,0.8609039323247086,60,0.8767909884362253,61
full,product,base,centroid_class_margin,0.8377708747837407,0.8116646354768265,62,0.8550994701877442,61
full,product,base,centroid_relative_margin,0.8332650319411461,0.8041970483523574,62,0.8431987151622208,61
full,product,base,centroid_negative_candidate_distance,0.5822229234498487,0.6018003184235396,62,0.6261204666899279,61
full,product,base,centroid_negative_candidate_rank,0.7710609050344274,0.7797452570650604,62,0.7873959248454127,61
full,product,base,centroid_source_class_agreement,0.7686008596413221,0.7550178234468815,62,0.786355159025377,61
full,product,base,source_weight_max_for_candidate,0.7097660404112017,0.7031244119410979,62,0.6923271080303011,61
full,product,base,source_weight_negative_entropy_for_candidate,0.7110393491150531,0.705632287409111,62,0.6958867562693763,61
full,product,base,teacher_confidence,0.8723033756597061,0.8480377702094133,62,0.87642651143791,61
full,product,base,teacher_probability_margin,0.871224555170108,0.8450415799305477,62,0.8615714510794014,61
full,product,base,teacher_negative_entropy,0.8576510195007305,0.8416049538540563,62,0.8751972556213787,61
full,product,pooled,centroid_class_margin,0.8238537172873241,0.7874583165845939,60,0.8503737844718208,60
full,product,pooled,centroid_relative_margin,0.8145528110209133,0.7790063433193385,60,0.8322640060058533,60
full,product,pooled,centroid_negative_candidate_distance,0.5686862279811866,0.5579892841099239,60,0.5821731666236812,60
full,product,pooled,centroid_negative_candidate_rank,0.7459900972365937,0.7357415690557872,60,0.7565320542343911,60
full,product,pooled,centroid_source_class_agreement,0.7684941811464956,0.7301316204535517,60,0.7693810256486484,60
full,product,pooled,source_weight_max_for_candidate,0.6549101201889446,0.6666991806432027,60,0.6868762600542304,60
full,product,pooled,source_weight_negative_entropy_for_candidate,0.6556192707829955,0.6673895672936976,60,0.6904958127420916,60
full,product,pooled,teacher_confidence,0.8748240218385266,0.8480950874299911,60,0.8578638172253749,60
full,product,pooled,teacher_probability_margin,0.8718657638922213,0.8469458186119823,60,0.8537036448187331,60
full,product,pooled,teacher_negative_entropy,0.8731387542604795,0.843934731034252,60,0.8599151568423671,60
full,product,weighted_source,centroid_class_margin,0.8191001480154647,0.7756444917578439,61,0.8309614154393861,61
full,product,weighted_source,centroid_relative_margin,0.810474572447246,0.7689697572824657,61,0.8196816948581888,61
full,product,weighted_source,centroid_negative_candidate_distance,0.5667416429374745,0.5465684619478274,61,0.59527418686459,61
full,product,weighted_source,centroid_negative_candidate_rank,0.7383365181156571,0.713112837082305,61,0.745495829362821,61
full,product,weighted_source,centroid_source_class_agreement,0.7729960654549681,0.7322973222466972,61,0.7698082090489602,61
full,product,weighted_source,source_weight_max_for_candidate,0.6347685933745133,0.620129526651219,61,0.6765058378197832,61
full,product,weighted_source,source_weight_negative_entropy_for_candidate,0.6353596297220523,0.6205293356573857,61,0.6798385749290196,61
full,product,weighted_source,teacher_confidence,0.8848145704645908,0.8606350620639504,61,0.87864133933461,61
full,product,weighted_source,teacher_probability_margin,0.8798719478219849,0.8577725079445132,61,0.8696195126467398,61
full,product,weighted_source,teacher_negative_entropy,0.882070302218181,0.8558511169255832,61,0.8764168163174223,61
full,product,student_post_update,centroid_class_margin,0.7988989165962644,0.7687952459279764,60,0.8259453187711843,59
full,product,student_post_update,centroid_relative_margin,0.7906096440018858,0.7609004737003201,60,0.8120661558763237,59
full,product,student_post_update,centroid_negative_candidate_distance,0.5377540018541898,0.5533770434300926,60,0.5763883865357065,59
full,product,student_post_update,centroid_negative_candidate_rank,0.7212487857588098,0.7093434001789619,60,0.7431638731055672,59
full,product,student_post_update,centroid_source_class_agreement,0.7403009024145601,0.7116212951127943,60,0.7571599167008286,59
full,product,student_post_update,source_weight_max_for_candidate,0.6714771580269648,0.6397019555085762,60,0.6884213554427968,59
full,product,student_post_update,source_weight_negative_entropy_for_candidate,0.6728472334285741,0.6417597242825999,60,0.6921356075248619,59
full,product,student_post_update,teacher_confidence,0.8920490142101816,0.8718872840020045,60,0.8825819028010049,59
full,product,student_post_update,teacher_probability_margin,0.8890952835233403,0.8714753599564976,60,0.8777074020452506,59
full,product,student_post_update,teacher_negative_entropy,0.885264688758737,0.8569179107931153,60,0.8732437877386664,59
full,product,student_temporal,centroid_class_margin,0.7760708044431712,0.746142479326634,61,0.8036446514880011,60
full,product,student_temporal,centroid_relative_margin,0.7674483808303126,0.7358414671949818,61,0.7944217834577848,60
full,product,student_temporal,centroid_negative_candidate_distance,0.5211026253440479,0.5407380987364974,61,0.5793795434800842,60
full,product,student_temporal,centroid_negative_candidate_rank,0.6939046147925176,0.6758974658469699,61,0.7231972580156617,60
full,product,student_temporal,centroid_source_class_agreement,0.7013047483628062,0.6797572310889604,61,0.728285584511167,60
full,product,student_temporal,source_weight_max_for_candidate,0.6823595792274691,0.656427333121943,61,0.694810023204806,60
full,product,student_temporal,source_weight_negative_entropy_for_candidate,0.6850148764561904,0.6603517720005727,61,0.7011046559036729,60
full,product,student_temporal,teacher_confidence,0.9095766588097616,0.8919648484788549,61,0.9019251959188018,60
full,product,student_temporal,teacher_probability_margin,0.9084329523300353,0.8915016873582522,61,0.8998704744681958,60
full,product,student_temporal,teacher_negative_entropy,0.8998253311611473,0.8808198807640328,61,0.8940892069824408,60
full,product,source0,centroid_class_margin,0.8386631560968963,0.7949282571447894,61,0.8645186431951306,61
full,product,source0,centroid_relative_margin,0.8321684740855599,0.7927483032498734,61,0.8555594185725192,61
full,product,source0,centroid_negative_candidate_distance,0.5789702286028278,0.5805120033961171,61,0.5927631099203696,61
full,product,source0,centroid_negative_candidate_rank,0.7588621416906387,0.748031684804953,61,0.7769218959364792,61
full,product,source0,centroid_source_class_agreement,0.7607671119486669,0.7250176528852232,61,0.789260214183789,61
full,product,source0,source_weight_max_for_candidate,0.6931301130508374,0.6896300000734726,61,0.6953933889331972,61
full,product,source0,source_weight_negative_entropy_for_candidate,0.6949220196778694,0.6945495853707884,61,0.6960580775800317,61
full,product,source0,teacher_confidence,0.8772930167935474,0.853100040020789,61,0.8736625861282462,61
full,product,source0,teacher_probability_margin,0.8718574867314152,0.8481138702454319,61,0.870546152198758,61
full,product,source0,teacher_negative_entropy,0.8772765450057219,0.8521674460511374,61,0.8719376391418138,61
full,product,source1,centroid_class_margin,0.8516027669167938,0.805981460533939,60,0.8723027610931322,62
full,product,source1,centroid_relative_margin,0.8458478456703765,0.7965264669665625,60,0.8640807101672298,62
full,product,source1,centroid_negative_candidate_distance,0.5898262018527952,0.5953403649734974,60,0.6118761485602001,62
full,product,source1,centroid_negative_candidate_rank,0.7863211203356167,0.7697291713694755,60,0.7909163868277164,62
full,product,source1,centroid_source_class_agreement,0.8021072713999273,0.7578744226595849,60,0.8095423400413951,62
full,product,source1,source_weight_max_for_candidate,0.6688453210722989,0.6683928668402879,60,0.6902012956896566,62
full,product,source1,source_weight_negative_entropy_for_candidate,0.6695731371378044,0.668136509589258,60,0.6933939109521262,62
full,product,source1,teacher_confidence,0.8682602512499933,0.8383082261231208,60,0.8555133683283933,62
full,product,source1,teacher_probability_margin,0.8635843777372793,0.8338395891738056,60,0.8503838790754032,62
full,product,source1,teacher_negative_entropy,0.8650787061390374,0.8300806637872377,60,0.8634570893815938,62
full,product,source2,centroid_class_margin,0.8071505146561242,0.7618832757897217,62,0.806670676085402,60
full,product,source2,centroid_relative_margin,0.7984554973821989,0.7539755785214929,62,0.8001353680040797,60
full,product,source2,centroid_negative_candidate_distance,0.554925205684368,0.5296476003920366,62,0.5837989867091974,60
full,product,source2,centroid_negative_candidate_rank,0.7228795811518325,0.6984310365198433,62,0.7229821884494477,60
full,product,source2,centroid_source_class_agreement,0.7565721052819033,0.7046134643161843,62,0.7437783390809202,60
full,product,source2,source_weight_max_for_candidate,0.6428311429283755,0.6277163840024937,62,0.6657673108835428,60
full,product,source2,source_weight_negative_entropy_for_candidate,0.6439660576272394,0.628817053886327,62,0.6713642391779953,60
full,product,source2,teacher_confidence,0.8840223314456672,0.8613141947606301,62,0.8660202076000442,60
full,product,source2,teacher_probability_margin,0.8797793567688855,0.8605613966831104,62,0.8612958229977504,60
full,product,source2,teacher_negative_entropy,0.883009758877373,0.8592783284986827,62,0.8670850658933432,60
replay,real_world,combined,centroid_class_margin,0.7899543877396353,0.7308959544369839,56,0.7969998387825266,65
replay,real_world,combined,centroid_relative_margin,0.7883051960248054,0.724706396113722,56,0.7908480899441823,65
replay,real_world,combined,centroid_negative_candidate_distance,0.5560162958593919,0.5560500699909555,56,0.5730661810207421,65
replay,real_world,combined,centroid_negative_candidate_rank,0.70871872137392,0.6820611157867065,56,0.7157762663732976,65
replay,real_world,combined,centroid_source_class_agreement,0.7779639731516202,0.7340522655967909,56,0.7899718385653374,65
replay,real_world,combined,source_weight_max_for_candidate,0.5746003881614066,0.5588147279163369,56,0.5487692339523315,65
replay,real_world,combined,source_weight_negative_entropy_for_candidate,0.5757373995821828,0.5600609505545368,56,0.5506931321255424,65
replay,real_world,combined,teacher_confidence,0.8947077174264042,0.8627117677134587,56,0.8808974416164779,65
replay,real_world,combined,teacher_probability_margin,0.8934765900448791,0.8598670635399589,56,0.8793114870687675,65
replay,real_world,combined,teacher_negative_entropy,0.8831077708068353,0.8477307308023269,56,0.8680448772175233,65
replay,real_world,base,centroid_class_margin,0.8290555720401848,0.7631864659762162,57,0.8210965375126276,64
replay,real_world,base,centroid_relative_margin,0.8280532172555577,0.7616234920933223,57,0.8212349151398424,64
replay,real_world,base,centroid_negative_candidate_distance,0.5838418800857721,0.5700028437640973,57,0.6182128059490818,64
replay,real_world,base,centroid_negative_candidate_rank,0.7584853005017986,0.7297221899820325,57,0.7506388437297983,64
replay,real_world,base,centroid_source_class_agreement,0.8030710864312661,0.7550059144673503,57,0.7939875488096123,64
replay,real_world,base,source_weight_max_for_candidate,0.5900199009265661,0.575536026625362,57,0.5774141958901475,64
replay,real_world,base,source_weight_negative_entropy_for_candidate,0.5898782995853182,0.5749891095078388,57,0.5794047628100862,64
replay,real_world,base,teacher_confidence,0.8861569067104784,0.8436219764091126,57,0.8614011242530405,64
replay,real_world,base,teacher_probability_margin,0.8859690793829909,0.8433542520751749,57,0.8629917524740989,64
replay,real_world,base,teacher_negative_entropy,0.8690576768756056,0.8220703928867061,57,0.8394101596705155,64
replay,real_world,pooled,centroid_class_margin,0.8114584656539315,0.7687430769529303,60,0.8106916586298312,65
replay,real_world,pooled,centroid_relative_margin,0.8108436885876753,0.7623500424770104,60,0.8045294828077857,65
replay,real_world,pooled,centroid_negative_candidate_distance,0.5758322187268828,0.5814884335631169,60,0.5883572608059597,65
replay,real_world,pooled,centroid_negative_candidate_rank,0.731159539412235,0.7161623162389144,60,0.725989599133587,65
replay,real_world,pooled,centroid_source_class_agreement,0.7938978098917275,0.7599052381725385,60,0.7915843586432648,65
replay,real_world,pooled,source_weight_max_for_candidate,0.5745384034850444,0.541521322086166,60,0.5556142470405122,65
replay,real_world,pooled,source_weight_negative_entropy_for_candidate,0.5762263784381562,0.5404634052915018,60,0.5583850445024586,65
replay,real_world,pooled,teacher_confidence,0.8763237041298971,0.8434863713755814,60,0.8618934454597031,65
replay,real_world,pooled,teacher_probability_margin,0.8735782229561605,0.8408952924941634,60,0.8571479651348983,65
replay,real_world,pooled,teacher_negative_entropy,0.8719178952245029,0.837510510661191,60,0.8595221505154419,65
replay,real_world,weighted_source,centroid_class_margin,0.824133937244187,0.7896093209073541,59,0.8250647101695526,65
replay,real_world,weighted_source,centroid_relative_margin,0.8225230771953541,0.7835814279982212,59,0.8176306105521803,65
replay,real_world,weighted_source,centroid_negative_candidate_distance,0.5782492371132898,0.6090081953596859,59,0.6112019021269909,65
replay,real_world,weighted_source,centroid_negative_candidate_rank,0.7399856441840567,0.7335206504032558,59,0.7431735145689647,65
replay,real_world,weighted_source,centroid_source_class_agreement,0.8127639812646051,0.7793797739192599,59,0.8186672997509198,65
replay,real_world,weighted_source,source_weight_max_for_candidate,0.5714069108040278,0.5585923931285786,59,0.5532077715217045,65
replay,real_world,weighted_source,source_weight_negative_entropy_for_candidate,0.5728339837355209,0.5578109242720218,59,0.5549436990577796,65
replay,real_world,weighted_source,teacher_confidence,0.871110775302551,0.8336883267562425,59,0.8587079036095028,65
replay,real_world,weighted_source,teacher_probability_margin,0.867778953107738,0.832075776213763,59,0.854746345661196,65
replay,real_world,weighted_source,teacher_negative_entropy,0.867627839255703,0.8306221281496035,59,0.8577503723011457,65
replay,real_world,student_post_update,centroid_class_margin,0.7900676474860451,0.732084645445311,57,0.7970183663705763,65
replay,real_world,student_post_update,centroid_relative_margin,0.7878157747297213,0.7253334413414437,57,0.7894147936949644,65
replay,real_world,student_post_update,centroid_negative_candidate_distance,0.5544850698263161,0.5394923918251677,57,0.5674023431328307,65
replay,real_world,student_post_update,centroid_negative_candidate_rank,0.7053713348965575,0.6736130012037167,57,0.7031419807827566,65
replay,real_world,student_post_update,centroid_source_class_agreement,0.7762578074744246,0.735693419047341,57,0.7843165371594445,65
replay,real_world,student_post_update,source_weight_max_for_candidate,0.5786777614077317,0.5700741956496439,57,0.558690325580308,65
replay,real_world,student_post_update,source_weight_negative_entropy_for_candidate,0.5801799091116598,0.5712115489755342,57,0.5621000754464051,65
replay,real_world,student_post_update,teacher_confidence,0.8924307443298541,0.8636298213818137,57,0.8785658898761275,65
replay,real_world,student_post_update,teacher_probability_margin,0.8901556307194289,0.8620615964880632,57,0.8749438605220278,65
replay,real_world,student_post_update,teacher_negative_entropy,0.8826297441430973,0.8526592558689046,57,0.8681547333453913,65
replay,real_world,student_temporal,centroid_class_margin,0.772667669609933,0.7193701870479107,55,0.7744052763197405,65
replay,real_world,student_temporal,centroid_relative_margin,0.7716064723508388,0.7169825410277919,55,0.7725148968214364,65
replay,real_world,student_temporal,centroid_negative_candidate_distance,0.5544382454517586,0.5465600906117789,55,0.564123326685659,65
replay,real_world,student_temporal,centroid_negative_candidate_rank,0.6771501703763164,0.657820580590546,55,0.6746267597455774,65
replay,real_world,student_temporal,centroid_source_class_agreement,0.7492462420637241,0.6996437303449173,55,0.7623886067400759,65
replay,real_world,student_temporal,source_weight_max_for_candidate,0.5837537366724611,0.5699836039486046,55,0.5690773322922125,65
replay,real_world,student_temporal,source_weight_negative_entropy_for_candidate,0.5852060995252854,0.5704928245570969,55,0.572546194776036,65
replay,real_world,student_temporal,teacher_confidence,0.9022265429112644,0.8721127598898182,55,0.8904961171143414,65
replay,real_world,student_temporal,teacher_probability_margin,0.9020081458130662,0.8716058177035709,55,0.8903909944656965,65
replay,real_world,student_temporal,teacher_negative_entropy,0.8853647807434892,0.8521923357643227,55,0.8702559454273618,65
replay,real_world,source0,centroid_class_margin,0.8059134592293745,0.7586401727088479,58,0.7996594519434934,65
replay,real_world,source0,centroid_relative_margin,0.8059050166300445,0.7535086589091441,58,0.795172998064472,65
replay,real_world,source0,centroid_negative_candidate_distance,0.566521303867536,0.5749358324820653,58,0.5729418821352795,65
replay,real_world,source0,centroid_negative_candidate_rank,0.7237874176002306,0.7024401511824832,58,0.7184702855887806,65
replay,real_world,source0,centroid_source_class_agreement,0.7901259860956017,0.748585402537513,58,0.7893549845704996,65
replay,real_world,source0,source_weight_max_for_candidate,0.5712352761067685,0.5548528045295968,58,0.5621125996656988,65
replay,real_world,source0,source_weight_negative_entropy_for_candidate,0.5733339186868869,0.5530493694766612,58,0.5647334050700981,65
replay,real_world,source0,teacher_confidence,0.8659390271724121,0.8263225565125984,58,0.8540518767430413,65
replay,real_world,source0,teacher_probability_margin,0.8626732421382515,0.8257413552326176,58,0.8484010162840018,65
replay,real_world,source0,teacher_negative_entropy,0.8640749012403491,0.8225337844878473,58,0.8527515348213065,65
replay,real_world,source1,centroid_class_margin,0.8426300301721205,0.815025270801736,61,0.8457444525605635,64
replay,real_world,source1,centroid_relative_margin,0.8404633737680798,0.8087776463457247,61,0.8402675140523785,64
replay,real_world,source1,centroid_negative_candidate_distance,0.5988514501090539,0.61464550586856,61,0.6273063563807382,64
replay,real_world,source1,centroid_negative_candidate_rank,0.7672901482031222,0.7702249935969088,61,0.7656021296380433,64
replay,real_world,source1,centroid_source_class_agreement,0.8135081004527438,0.7850417395949764,61,0.8118451563657724,64
replay,real_world,source1,source_weight_max_for_candidate,0.5934449366904003,0.5804350298359574,61,0.582038711252207,64
replay,real_world,source1,source_weight_negative_entropy_for_candidate,0.5953273723680416,0.5806293200814312,61,0.5834967601490963,64
replay,real_world,source1,teacher_confidence,0.8695653723874865,0.828117915047526,61,0.8621425046463586,64
replay,real_world,source1,teacher_probability_margin,0.8676328658977259,0.8298534262675645,61,0.8574007650667732,64
replay,real_world,source1,teacher_negative_entropy,0.8618910886917744,0.8134456025454548,61,0.8537112420632713,64
replay,real_world,source2,centroid_class_margin,0.8074928732355511,0.765722417639118,58,0.8061031400202825,65
replay,real_world,source2,centroid_relative_margin,0.8073907612610541,0.7617557281100071,58,0.7991233807499745,65
replay,real_world,source2,centroid_negative_candidate_distance,0.5689299891182736,0.5957137951754227,58,0.5815421270220608,65
replay,real_world,source2,centroid_negative_candidate_rank,0.7249346713258847,0.7080681611662704,58,0.7186125250444741,65
replay,real_world,source2,centroid_source_class_agreement,0.7875252885190124,0.7470915338698854,58,0.7853620591850227,65
replay,real_world,source2,source_weight_max_for_candidate,0.5728157999601514,0.5648620627412128,58,0.545885072903277,65
replay,real_world,source2,source_weight_negative_entropy_for_candidate,0.5744758379695618,0.5638031372158911,58,0.5486840455811887,65
replay,real_world,source2,teacher_confidence,0.8775414961607431,0.846335243034095,58,0.862805936041148,65
replay,real_world,source2,teacher_probability_margin,0.8762215121001732,0.8444683171907855,58,0.8599833979212634,65
replay,real_world,source2,teacher_negative_entropy,0.8713787607093046,0.8395438681741074,58,0.8591857682841658,65
full,real_world,combined,centroid_class_margin,0.7893679559389442,0.7304787489507637,56,0.7913359127232635,65
full,real_world,combined,centroid_relative_margin,0.7876666713172277,0.7253953864029098,56,0.788996538134656,65
full,real_world,combined,centroid_negative_candidate_distance,0.5552180935271578,0.5559541596897476,56,0.569413819045784,65
full,real_world,combined,centroid_negative_candidate_rank,0.7049048782469465,0.6756445357499714,56,0.7050434093049989,65
full,real_world,combined,centroid_source_class_agreement,0.7771017594713461,0.7324149202709629,56,0.7820674074540186,65
full,real_world,combined,source_weight_max_for_candidate,0.5751813103256405,0.5596729500844267,56,0.5506944614427156,65
full,real_world,combined,source_weight_negative_entropy_for_candidate,0.5753507822380305,0.5601664566283271,56,0.5525901539774686,65
full,real_world,combined,teacher_confidence,0.8953580699406068,0.8639156899194766,56,0.8811991256120797,65
full,real_world,combined,teacher_probability_margin,0.8945681584845518,0.8608149574321299,56,0.8806766878658259,65
full,real_world,combined,teacher_negative_entropy,0.8833998363549669,0.8478496434054479,56,0.8673624195255991,65
full,real_world,base,centroid_class_margin,0.8285366716412893,0.7623459296462725,57,0.8202967091749775,64
full,real_world,base,centroid_relative_margin,0.8275237195949946,0.760536839328355,57,0.8187224757675204,64
full,real_world,base,centroid_negative_candidate_distance,0.583445761753094,0.5694650003866882,57,0.6174442853207329,64
full,real_world,base,centroid_negative_candidate_rank,0.7530825241654109,0.7233439722084347,57,0.7461876011454484,64
full,real_world,base,centroid_source_class_agreement,0.8030730962567548,0.751132927696933,57,0.792278830190445,64
full,real_world,base,source_weight_max_for_candidate,0.5912046016964388,0.5766598273923037,57,0.5759877453480806,64
full,real_world,base,source_weight_negative_entropy_for_candidate,0.5904384927624357,0.574890122829958,57,0.5781044501643753,64
full,real_world,base,teacher_confidence,0.8861569067104784,0.8436219764091126,57,0.8614011242530405,64
full,real_world,base,teacher_probability_margin,0.8859690793829909,0.8433542520751749,57,0.8629917524740989,64
full,real_world,base,teacher_negative_entropy,0.8690576768756056,0.8220703928867061,57,0.8394101596705155,64
full,real_world,pooled,centroid_class_margin,0.8105014608194039,0.7673338754469806,60,0.8073581865967452,65
full,real_world,pooled,centroid_relative_margin,0.8099003205583244,0.7613382834731264,60,0.8025013431582197,65
full,real_world,pooled,centroid_negative_candidate_distance,0.5755510763735812,0.5817711215631005,60,0.5879428034500835,65
full,real_world,pooled,centroid_negative_candidate_rank,0.7260126728885369,0.7101432843050437,60,0.7152450166657132,65
full,real_world,pooled,centroid_source_class_agreement,0.7945140814023867,0.7564238933324,60,0.7891459216056949,65
full,real_world,pooled,source_weight_max_for_candidate,0.5745193493189069,0.5391108852479101,60,0.5564465553868048,65
full,real_world,pooled,source_weight_negative_entropy_for_candidate,0.5754477729042285,0.5406958854884055,60,0.5587869369176515,65
full,real_world,pooled,teacher_confidence,0.8763237041298971,0.8434863713755814,60,0.8618934454597031,65
full,real_world,pooled,teacher_probability_margin,0.8735782229561605,0.8408952924941634,60,0.8571479651348983,65
full,real_world,pooled,teacher_negative_entropy,0.8719178952245029,0.837510510661191,60,0.8595221505154419,65
full,real_world,weighted_source,centroid_class_margin,0.822573278306109,0.7881385392987327,59,0.8236812678886266,65
full,real_world,weighted_source,centroid_relative_margin,0.8210939621847796,0.7826211248098276,59,0.8182441478414979,65
full,real_world,weighted_source,centroid_negative_candidate_distance,0.5769086121962492,0.6110666331821425,59,0.6084799528282401,65
full,real_world,weighted_source,centroid_negative_candidate_rank,0.7349982063738734,0.7265413938515266,59,0.7405339540401196,65
full,real_world,weighted_source,centroid_source_class_agreement,0.8115212059702224,0.7773816787250216,59,0.8175079778310942,65
full,real_world,weighted_source,source_weight_max_for_candidate,0.5719455091617878,0.5577656377324518,59,0.5533087194569747,65
full,real_world,weighted_source,source_weight_negative_entropy_for_candidate,0.5725045283103634,0.5569952961178062,59,0.5542371802257864,65
full,real_world,weighted_source,teacher_confidence,0.8705999151856488,0.8325048093592321,59,0.8549159775927445,65
full,real_world,weighted_source,teacher_probability_margin,0.8671918553717911,0.8316921983328354,59,0.8510628843600322,65
full,real_world,weighted_source,teacher_negative_entropy,0.8670945162689037,0.8299616845494995,59,0.8547205865135297,65
full,real_world,student_post_update,centroid_class_margin,0.7891517088252993,0.731269600129629,57,0.7913822893646426,65
full,real_world,student_post_update,centroid_relative_margin,0.7868861405656657,0.7251743667914737,57,0.787422435892204,65
full,real_world,student_post_update,centroid_negative_candidate_distance,0.5546141395696292,0.5398094392317949,57,0.567433424141431,65
full,real_world,student_post_update,centroid_negative_candidate_rank,0.7009344068394513,0.6675663912661959,57,0.6915495570390247,65
full,real_world,student_post_update,centroid_source_class_agreement,0.77471291319956,0.7330673679790232,57,0.7788674989323963,65
full,real_world,student_post_update,source_weight_max_for_candidate,0.5797771368097777,0.5680189981071602,57,0.5608930872694888,65
full,real_world,student_post_update,source_weight_negative_entropy_for_candidate,0.5803093938702247,0.5694894117996991,57,0.5640244193597569,65
full,real_world,student_post_update,teacher_confidence,0.8924307443298541,0.8636298213818137,57,0.8785658898761275,65
full,real_world,student_post_update,teacher_probability_margin,0.8901556307194289,0.8620615964880632,57,0.8749438605220278,65
full,real_world,student_post_update,teacher_negative_entropy,0.8826297441430973,0.8526592558689046,57,0.8681547333453913,65
full,real_world,student_temporal,centroid_class_margin,0.7713194108505703,0.7182799037930834,55,0.7723329491666237,65
full,real_world,student_temporal,centroid_relative_margin,0.7702181224405897,0.7156301541931684,55,0.7711473518550256,65
full,real_world,student_temporal,centroid_negative_candidate_distance,0.5542318092494051,0.5463271929332503,55,0.5638566813243661,65
full,real_world,student_temporal,centroid_negative_candidate_rank,0.6734203643554671,0.6510260710348769,55,0.6681933103177194,65
full,real_world,student_temporal,centroid_source_class_agreement,0.748315950164706,0.6958284633732984,55,0.7544327318853087,65
full,real_world,student_temporal,source_weight_max_for_candidate,0.5819363449983077,0.5683179573668847,55,0.5677568773298612,65
full,real_world,student_temporal,source_weight_negative_entropy_for_candidate,0.5826513407721245,0.5675346598509534,55,0.5719525165783031,65
full,real_world,student_temporal,teacher_confidence,0.9022265429112644,0.8721127598898182,55,0.8904961171143414,65
full,real_world,student_temporal,teacher_probability_margin,0.9020081458130662,0.8716058177035709,55,0.8903909944656965,65
full,real_world,student_temporal,teacher_negative_entropy,0.8853647807434892,0.8521923357643227,55,0.8702559454273618,65
full,real_world,source0,centroid_class_margin,0.8055106534346745,0.7579191876192003,58,0.7972795547797467,65
full,real_world,source0,centroid_relative_margin,0.8055774437760407,0.7538209107994661,58,0.7940723779398643,65
full,real_world,source0,centroid_negative_candidate_distance,0.5666488809240782,0.5762737137611373,58,0.5736885533338305,65
full,real_world,source0,centroid_negative_candidate_rank,0.720507749180505,0.6959897917152028,58,0.7098888855679183,65
full,real_world,source0,centroid_source_class_agreement,0.7896455083870658,0.7441354169238232,58,0.7876591226898155,65
full,real_world,source0,source_weight_max_for_candidate,0.5719962357263787,0.5537040373274295,58,0.564506594015362,65
full,real_world,source0,source_weight_negative_entropy_for_candidate,0.573208592990166,0.5537808278059313,58,0.5664859929014489,65
full,real_world,source0,teacher_confidence,0.8659390271724121,0.8263225565125984,58,0.8540518767430413,65
full,real_world,source0,teacher_probability_margin,0.8626732421382515,0.8257413552326176,58,0.8484010162840018,65
full,real_world,source0,teacher_negative_entropy,0.8640749012403491,0.8225337844878473,58,0.8527515348213065,65
full,real_world,source1,centroid_class_margin,0.8421753418264666,0.8132962059036403,61,0.8444021171264708,64
full,real_world,source1,centroid_relative_margin,0.8402601737732651,0.8078768519235681,61,0.8397590612722905,64
full,real_world,source1,centroid_negative_candidate_distance,0.598177843746658,0.6120680499493871,61,0.6261956038003293,64
full,real_world,source1,centroid_negative_candidate_rank,0.7631362152947696,0.765471129325676,61,0.7591396099824832,64
full,real_world,source1,centroid_source_class_agreement,0.8155592212935446,0.7850235869913169,61,0.8153241197154371,64
full,real_world,source1,source_weight_max_for_candidate,0.593423547217262,0.5788579505297289,61,0.5834747839807819,64
full,real_world,source1,source_weight_negative_entropy_for_candidate,0.5943836428865418,0.5783828220595261,61,0.5832175037397754,64
full,real_world,source1,teacher_confidence,0.8695653723874865,0.828117915047526,61,0.8621425046463586,64
full,real_world,source1,teacher_probability_margin,0.8676328658977259,0.8298534262675645,61,0.8574007650667732,64
full,real_world,source1,teacher_negative_entropy,0.8618910886917744,0.8134456025454548,61,0.8537112420632713,64
full,real_world,source2,centroid_class_margin,0.8065503011632719,0.7649289469576148,58,0.8019789137644372,65
full,real_world,source2,centroid_relative_margin,0.806447806029396,0.7604025911128012,58,0.7969608192188368,65
full,real_world,source2,centroid_negative_candidate_distance,0.5689579597529388,0.5969265984987192,58,0.5800740666351617,65
full,real_world,source2,centroid_negative_candidate_rank,0.7226774794243414,0.7060414566511749,58,0.7048037713422286,65
full,real_world,source2,centroid_source_class_agreement,0.7895090962036568,0.7470251080534287,58,0.7783762600302887,65
full,real_world,source2,source_weight_max_for_candidate,0.571901390102227,0.5617768477340308,58,0.5461988526399995,65
full,real_world,source2,source_weight_negative_entropy_for_candidate,0.5724929881833648,0.5618162435340598,58,0.5483369874597499,65
full,real_world,source2,teacher_confidence,0.8775414961607431,0.846335243034095,58,0.862805936041148,65
full,real_world,source2,teacher_probability_margin,0.8762215121001732,0.8444683171907855,58,0.8599833979212634,65
full,real_world,source2,teacher_negative_entropy,0.8713787607093046,0.8395438681741074,58,0.8591857682841658,65
