mode,target,score,coverage,n,retained_pseudo_label_accuracy
replay,art,centroid_class_margin,0.25,607,0.9818780889621087
replay,art,centroid_class_margin,0.5,1214,0.8904448105436573
replay,art,centroid_class_margin,0.75,1821,0.8121911037891268
replay,art,centroid_class_margin,0.9,2185,0.7688787185354691
replay,art,centroid_class_margin,1.0,2427,0.746188710341986
replay,art,centroid_negative_candidate_distance,0.25,607,0.8385502471169687
replay,art,centroid_negative_candidate_distance,0.5,1214,0.785831960461285
replay,art,centroid_negative_candidate_distance,0.75,1821,0.7704557935200439
replay,art,centroid_negative_candidate_distance,0.9,2185,0.751487414187643
replay,art,centroid_negative_candidate_distance,1.0,2427,0.746188710341986
replay,art,teacher_confidence,0.25,607,0.9967051070840197
replay,art,teacher_confidence,0.5,1214,0.9686985172981878
replay,art,teacher_confidence,0.75,1821,0.870950027457441
replay,art,teacher_confidence,0.9,2185,0.7986270022883295
replay,art,teacher_confidence,1.0,2427,0.746188710341986
full,art,centroid_class_margin,0.25,607,0.9802306425041186
full,art,centroid_class_margin,0.5,1214,0.8920922570016474
full,art,centroid_class_margin,0.75,1821,0.8110928061504667
full,art,centroid_class_margin,0.9,2185,0.7684210526315789
full,art,centroid_class_margin,1.0,2427,0.7457766790276061
full,art,centroid_negative_candidate_distance,0.25,607,0.8336079077429983
full,art,centroid_negative_candidate_distance,0.5,1214,0.785831960461285
full,art,centroid_negative_candidate_distance,0.75,1821,0.7688083470620538
full,art,centroid_negative_candidate_distance,0.9,2185,0.7505720823798627
full,art,centroid_negative_candidate_distance,1.0,2427,0.7457766790276061
full,art,teacher_confidence,0.25,607,0.9967051070840197
full,art,teacher_confidence,0.5,1214,0.9695222405271828
full,art,teacher_confidence,0.75,1821,0.8704008786381109
full,art,teacher_confidence,0.9,2185,0.7990846681922197
full,art,teacher_confidence,1.0,2427,0.7457766790276061
replay,clipart,centroid_class_margin,0.25,1092,0.7582417582417582
replay,clipart,centroid_class_margin,0.5,2183,0.6733852496564361
replay,clipart,centroid_class_margin,0.75,3274,0.6047648136835675
replay,clipart,centroid_class_margin,0.9,3929,0.5703741410027997
replay,clipart,centroid_class_margin,1.0,4365,0.5482245131729668
replay,clipart,centroid_negative_candidate_distance,0.25,1092,0.5970695970695971
replay,clipart,centroid_negative_candidate_distance,0.5,2183,0.5836005497022446
replay,clipart,centroid_negative_candidate_distance,0.75,3274,0.5558949297495418
replay,clipart,centroid_negative_candidate_distance,0.9,3929,0.5497582081954696
replay,clipart,centroid_negative_candidate_distance,1.0,4365,0.5482245131729668
replay,clipart,teacher_confidence,0.25,1092,0.945054945054945
replay,clipart,teacher_confidence,0.5,2183,0.8062299587723316
replay,clipart,teacher_confidence,0.75,3274,0.6667684789248626
replay,clipart,teacher_confidence,0.9,3929,0.5948078391448206
replay,clipart,teacher_confidence,1.0,4365,0.5482245131729668
full,clipart,centroid_class_margin,0.25,1092,0.7619047619047619
full,clipart,centroid_class_margin,0.5,2183,0.6775080164910673
full,clipart,centroid_class_margin,0.75,3274,0.6047648136835675
full,clipart,centroid_class_margin,0.9,3929,0.5703741410027997
full,clipart,centroid_class_margin,1.0,4365,0.5479954180985109
full,clipart,centroid_negative_candidate_distance,0.25,1092,0.5989010989010989
full,clipart,centroid_negative_candidate_distance,0.5,2183,0.5840586349060926
full,clipart,centroid_negative_candidate_distance,0.75,3274,0.5562003665241295
full,clipart,centroid_negative_candidate_distance,0.9,3929,0.5500127258844489
full,clipart,centroid_negative_candidate_distance,1.0,4365,0.5479954180985109
full,clipart,teacher_confidence,0.25,1092,0.9459706959706959
full,clipart,teacher_confidence,0.5,2183,0.8071461291800275
full,clipart,teacher_confidence,0.75,3274,0.6661576053756872
full,clipart,teacher_confidence,0.9,3929,0.5948078391448206
full,clipart,teacher_confidence,1.0,4365,0.5479954180985109
replay,product,centroid_class_margin,0.25,1110,0.9855855855855856
replay,product,centroid_class_margin,0.5,2220,0.9608108108108108
replay,product,centroid_class_margin,0.75,3330,0.9168168168168168
replay,product,centroid_class_margin,0.9,3996,0.8788788788788788
replay,product,centroid_class_margin,1.0,4439,0.8501914845685965
replay,product,centroid_negative_candidate_distance,0.25,1110,0.8891891891891892
replay,product,centroid_negative_candidate_distance,0.5,2220,0.8626126126126126
replay,product,centroid_negative_candidate_distance,0.75,3330,0.8525525525525526
replay,product,centroid_negative_candidate_distance,0.9,3996,0.8485985985985987
replay,product,centroid_negative_candidate_distance,1.0,4439,0.8501914845685965
replay,product,teacher_confidence,0.25,1110,1.0
replay,product,teacher_confidence,0.5,2220,0.9914414414414414
replay,product,teacher_confidence,0.75,3330,0.9540540540540541
replay,product,teacher_confidence,0.9,3996,0.9034034034034034
replay,product,teacher_confidence,1.0,4439,0.8501914845685965
full,product,centroid_class_margin,0.25,1110,0.9855855855855856
full,product,centroid_class_margin,0.5,2220,0.9644144144144144
full,product,centroid_class_margin,0.75,3330,0.9177177177177177
full,product,centroid_class_margin,0.9,3996,0.8783783783783784
full,product,centroid_class_margin,1.0,4439,0.8501914845685965
full,product,centroid_negative_candidate_distance,0.25,1110,0.8927927927927928
full,product,centroid_negative_candidate_distance,0.5,2220,0.8644144144144145
full,product,centroid_negative_candidate_distance,0.75,3330,0.851051051051051
full,product,centroid_negative_candidate_distance,0.9,3996,0.8490990990990991
full,product,centroid_negative_candidate_distance,1.0,4439,0.8501914845685965
full,product,teacher_confidence,0.25,1110,1.0
full,product,teacher_confidence,0.5,2220,0.9914414414414414
full,product,teacher_confidence,0.75,3330,0.9534534534534534
full,product,teacher_confidence,0.9,3996,0.9031531531531531
full,product,teacher_confidence,1.0,4439,0.8501914845685965
replay,real_world,centroid_class_margin,0.25,1090,0.9862385321100917
replay,real_world,centroid_class_margin,0.5,2179,0.9619091326296466
replay,real_world,centroid_class_margin,0.75,3268,0.9152386780905752
replay,real_world,centroid_class_margin,0.9,3922,0.8781234064252932
replay,real_world,centroid_class_margin,1.0,4357,0.849437686481524
replay,real_world,centroid_negative_candidate_distance,0.25,1090,0.8889908256880734
replay,real_world,centroid_negative_candidate_distance,0.5,2179,0.8678292794860027
replay,real_world,centroid_negative_candidate_distance,0.75,3268,0.8592411260709915
replay,real_world,centroid_negative_candidate_distance,0.9,3922,0.8510963793982662
replay,real_world,centroid_negative_candidate_distance,1.0,4357,0.849437686481524
replay,real_world,teacher_confidence,0.25,1090,0.998165137614679
replay,real_world,teacher_confidence,0.5,2179,0.9912804038549794
replay,real_world,teacher_confidence,0.75,3268,0.9553243574051408
replay,real_world,teacher_confidence,0.9,3922,0.9028556858745538
replay,real_world,teacher_confidence,1.0,4357,0.849437686481524
full,real_world,centroid_class_margin,0.25,1090,0.9871559633027523
full,real_world,centroid_class_margin,0.5,2179,0.9586966498393759
full,real_world,centroid_class_margin,0.75,3268,0.9137086903304773
full,real_world,centroid_class_margin,0.9,3922,0.8773584905660378
full,real_world,centroid_class_margin,1.0,4357,0.8487491393160431
full,real_world,centroid_negative_candidate_distance,0.25,1090,0.8908256880733945
full,real_world,centroid_negative_candidate_distance,0.5,2179,0.8678292794860027
full,real_world,centroid_negative_candidate_distance,0.75,3268,0.8586291309669523
full,real_world,centroid_negative_candidate_distance,0.9,3922,0.8500764915859256
full,real_world,centroid_negative_candidate_distance,1.0,4357,0.8487491393160431
full,real_world,teacher_confidence,0.25,1090,0.998165137614679
full,real_world,teacher_confidence,0.5,2179,0.9912804038549794
full,real_world,teacher_confidence,0.75,3268,0.9556303549571603
full,real_world,teacher_confidence,0.9,3922,0.9026007139214687
full,real_world,teacher_confidence,1.0,4357,0.8487491393160431
