arm,target,step,projector,source_norm,target_norm,cosine,matched_role_cosine,shared_class_gradient_cosine
r4_real,art,1,style_projector,61.020437090519444,0.0,,0.7738938986863875,0.2502498938024716
r4_real,art,1,target_style_projector,0.0,19.16233805741205,,0.7738938986863875,0.2502498938024716
r4_real,art,100,style_projector,0.8832540656494877,0.0,,0.049227057092285115,0.035740303860615365
r4_real,art,100,target_style_projector,0.0,0.06700614474133691,,0.049227057092285115,0.035740303860615365
r4_real,art,200,style_projector,0.7791755655081831,0.0,,0.0012536064661199083,-0.007406097622190529
r4_real,art,200,target_style_projector,0.0,0.07181554324316271,,0.0012536064661199083,-0.007406097622190529
r4_real,art,300,style_projector,0.4876108018810406,0.0,,-0.05726599090240521,0.06767534877786205
r4_real,art,300,target_style_projector,0.0,0.06218358067000442,,-0.05726599090240521,0.06767534877786205
r4_real,art,400,style_projector,0.520054190562711,0.0,,-0.0879907894078848,0.006510572391217968
r4_real,art,400,target_style_projector,0.0,0.08517820009620641,,-0.0879907894078848,0.006510572391217968
r4_real,art,500,style_projector,0.449185024067176,0.0,,-0.053256762610755945,-0.03934857343640191
r4_real,art,500,target_style_projector,0.0,0.04479268160064481,,-0.053256762610755945,-0.03934857343640191
r4_real,art,600,style_projector,0.5849624949991633,0.0,,-0.00042380112365387416,-0.035402342047654425
r4_real,art,600,target_style_projector,0.0,0.027503974370955128,,-0.00042380112365387416,-0.035402342047654425
r4_real,art,700,style_projector,0.32941235525270224,0.0,,0.09535575009978033,0.011692290920340031
r4_real,art,700,target_style_projector,0.0,0.02219028151612076,,0.09535575009978033,0.011692290920340031
r4_real,art,800,style_projector,0.3504184105703162,0.0,,-0.11157243466410849,-0.016187965343717674
r4_real,art,800,target_style_projector,0.0,0.04491628099771231,,-0.11157243466410849,-0.016187965343717674
r4_real,art,900,style_projector,0.25976625675423115,0.0,,0.11016166382463241,0.019101264333495488
r4_real,art,900,target_style_projector,0.0,0.027654262612440098,,0.11016166382463241,0.019101264333495488
r4_real,art,1000,style_projector,0.3248395068182699,0.0,,-0.05006042772372291,0.01394418042360067
r4_real,art,1000,target_style_projector,0.0,0.037170396877012644,,-0.05006042772372291,0.01394418042360067
r4_real,clipart,1,style_projector,76.18307305137074,0.0,,0.5227568400409228,0.36241426949269373
r4_real,clipart,1,target_style_projector,0.0,16.339439551114133,,0.5227568400409228,0.36241426949269373
r4_real,clipart,100,style_projector,0.8880919512701634,0.0,,-0.025022046616391833,0.025082367582963998
r4_real,clipart,100,target_style_projector,0.0,0.047747174263590195,,-0.025022046616391833,0.025082367582963998
r4_real,clipart,200,style_projector,0.47114912749437005,0.0,,-0.15757763485979592,-0.002001077107358279
r4_real,clipart,200,target_style_projector,0.0,0.0669958418024419,,-0.15757763485979592,-0.002001077107358279
r4_real,clipart,300,style_projector,0.6001562615671161,0.0,,0.052442364730395735,0.0021703546180314717
r4_real,clipart,300,target_style_projector,0.0,0.03315619154132107,,0.052442364730395735,0.0021703546180314717
r4_real,clipart,400,style_projector,0.4982297750791173,0.0,,-0.12495617475144707,-0.06729066581804473
r4_real,clipart,400,target_style_projector,0.0,0.03697786026364084,,-0.12495617475144707,-0.06729066581804473
r4_real,clipart,500,style_projector,0.39833599076618526,0.0,,-0.09245372182445433,0.020374398801892516
r4_real,clipart,500,target_style_projector,0.0,0.0687319521416501,,-0.09245372182445433,0.020374398801892516
r4_real,clipart,600,style_projector,0.3994644712659134,0.0,,0.0019064777573808197,-0.010074073362066262
r4_real,clipart,600,target_style_projector,0.0,0.03643855875457661,,0.0019064777573808197,-0.010074073362066262
r4_real,clipart,700,style_projector,0.23290048472492467,0.0,,0.05765519896461134,0.06180565934633507
r4_real,clipart,700,target_style_projector,0.0,0.036035127154216195,,0.05765519896461134,0.06180565934633507
r4_real,clipart,800,style_projector,0.3332075483460685,0.0,,-0.02644843873116338,-0.007271223003336305
r4_real,clipart,800,target_style_projector,0.0,0.025258415330450076,,-0.02644843873116338,-0.007271223003336305
r4_real,clipart,900,style_projector,0.3302654164860796,0.0,,0.03640112052683982,-0.01563166973499674
r4_real,clipart,900,target_style_projector,0.0,0.03195184703290136,,0.03640112052683982,-0.01563166973499674
r4_real,clipart,1000,style_projector,0.30884246191754844,0.0,,0.18274968583712248,0.0020964098222118572
r4_real,clipart,1000,target_style_projector,0.0,0.031231074194971724,,0.18274968583712248,0.0020964098222118572
r4_real,product,1,style_projector,50.88934472743408,0.0,,0.403734730177313,0.010437464510719141
r4_real,product,1,target_style_projector,0.0,18.951712481700653,,0.403734730177313,0.010437464510719141
r4_real,product,100,style_projector,0.6847564481205908,0.0,,0.04596453365058052,0.8261695545210306
r4_real,product,100,target_style_projector,0.0,0.0794877916954751,,0.04596453365058052,0.8261695545210306
r4_real,product,200,style_projector,0.7785245824696843,0.0,,0.05552160200751245,0.21495064724815746
r4_real,product,200,target_style_projector,0.0,0.044875550936278576,,0.05552160200751245,0.21495064724815746
r4_real,product,300,style_projector,0.5574004041793694,0.0,,-0.016748514267970766,0.02435784738105169
r4_real,product,300,target_style_projector,0.0,0.055761235123586377,,-0.016748514267970766,0.02435784738105169
r4_real,product,400,style_projector,0.6358731171044515,0.0,,0.0048123150155788,-0.0007611871285801855
r4_real,product,400,target_style_projector,0.0,0.039798564961558106,,0.0048123150155788,-0.0007611871285801855
r4_real,product,500,style_projector,0.6649907366034221,0.0,,-0.13522475001426137,0.01732020117399182
r4_real,product,500,target_style_projector,0.0,0.04102072721936172,,-0.13522475001426137,0.01732020117399182
r4_real,product,600,style_projector,0.37274343761657225,0.0,,0.021091624822623264,-0.017279040451061198
r4_real,product,600,target_style_projector,0.0,0.03585142507872016,,0.021091624822623264,-0.017279040451061198
r4_real,product,700,style_projector,0.4863313085347132,0.0,,-0.08166168959514453,-0.0009009679948753794
r4_real,product,700,target_style_projector,0.0,0.040676193037791165,,-0.08166168959514453,-0.0009009679948753794
r4_real,product,800,style_projector,0.3397584149700344,0.0,,-0.18874439084825492,0.03199847249084356
r4_real,product,800,target_style_projector,0.0,0.0403019962807142,,-0.18874439084825492,0.03199847249084356
r4_real,product,900,style_projector,0.4636192501904169,0.0,,-0.056002861066845724,0.05572580161680647
r4_real,product,900,target_style_projector,0.0,0.040457626630512354,,-0.056002861066845724,0.05572580161680647
r4_real,product,1000,style_projector,0.29560787636248514,0.0,,0.1013165858780897,0.017100322852481115
r4_real,product,1000,target_style_projector,0.0,0.03946189594655834,,0.1013165858780897,0.017100322852481115
r4_real,real_world,1,style_projector,52.297293410497936,0.0,,0.5490679334334072,0.1498977673125452
r4_real,real_world,1,target_style_projector,0.0,20.182297546261953,,0.5490679334334072,0.1498977673125452
r4_real,real_world,100,style_projector,0.7685873589652056,0.0,,-0.05623947801748355,0.03099863545110622
r4_real,real_world,100,target_style_projector,0.0,0.11047495491584094,,-0.05623947801748355,0.03099863545110622
r4_real,real_world,200,style_projector,0.6878472874990064,0.0,,-0.1476659103303156,0.010141027216556046
r4_real,real_world,200,target_style_projector,0.0,0.05113256306562195,,-0.1476659103303156,0.010141027216556046
r4_real,real_world,300,style_projector,0.5923440805463991,0.0,,-0.16351306585573036,0.015179674469847122
r4_real,real_world,300,target_style_projector,0.0,0.0794238355026849,,-0.16351306585573036,0.015179674469847122
r4_real,real_world,400,style_projector,0.3890268418242245,0.0,,-0.08397096841095644,-0.033009345314229374
r4_real,real_world,400,target_style_projector,0.0,0.053566636497199,,-0.08397096841095644,-0.033009345314229374
r4_real,real_world,500,style_projector,0.4718153576965681,0.0,,0.02668294258107897,0.01861067992737467
r4_real,real_world,500,target_style_projector,0.0,0.08258681086434717,,0.02668294258107897,0.01861067992737467
r4_real,real_world,600,style_projector,0.5332247335958297,0.0,,0.08021438178806832,-0.11140020524820075
r4_real,real_world,600,target_style_projector,0.0,0.028535887245844722,,0.08021438178806832,-0.11140020524820075
r4_real,real_world,700,style_projector,0.3262774593810935,0.0,,-0.053474875452450825,0.22005885163513655
r4_real,real_world,700,target_style_projector,0.0,0.04970634787010003,,-0.053474875452450825,0.22005885163513655
r4_real,real_world,800,style_projector,0.34919968163636944,0.0,,-0.0067810282238086475,0.01163114476957424
r4_real,real_world,800,target_style_projector,0.0,0.051529334972359814,,-0.0067810282238086475,0.01163114476957424
r4_real,real_world,900,style_projector,0.280164913215555,0.0,,0.02504018896625946,-0.0014805921418971982
r4_real,real_world,900,target_style_projector,0.0,0.04183222197599779,,0.02504018896625946,-0.0014805921418971982
r4_real,real_world,1000,style_projector,0.4792737343528198,0.0,,-0.1419107082008579,0.015097344480026099
r4_real,real_world,1000,target_style_projector,0.0,0.026170752743357947,,-0.1419107082008579,0.015097344480026099
r4_shuffled,art,1,style_projector,57.979855781048926,0.0,,0.7472388738875904,0.28091978135869405
r4_shuffled,art,1,target_style_projector,0.0,18.636062804696525,,0.7472388738875904,0.28091978135869405
r4_shuffled,art,100,style_projector,0.7773784846868539,0.0,,0.08813533154042755,0.02463863830979528
r4_shuffled,art,100,target_style_projector,0.0,0.05741626670438035,,0.08813533154042755,0.02463863830979528
r4_shuffled,art,200,style_projector,0.8284631866221271,0.0,,-0.0935169225687703,0.007705511411010023
r4_shuffled,art,200,target_style_projector,0.0,0.08310392594316988,,-0.0935169225687703,0.007705511411010023
r4_shuffled,art,300,style_projector,0.47705664955919946,0.0,,-0.05437985809916436,-0.12987185522734163
r4_shuffled,art,300,target_style_projector,0.0,0.06110374651211395,,-0.05437985809916436,-0.12987185522734163
r4_shuffled,art,400,style_projector,0.5649291937542743,0.0,,-0.043321312454324384,-0.030035045952399194
r4_shuffled,art,400,target_style_projector,0.0,0.0756257755419172,,-0.043321312454324384,-0.030035045952399194
r4_shuffled,art,500,style_projector,0.4339921559346556,0.0,,0.029928877471969286,-0.006822274641698042
r4_shuffled,art,500,target_style_projector,0.0,0.04443924299862287,,0.029928877471969286,-0.006822274641698042
r4_shuffled,art,600,style_projector,0.4901076772168586,0.0,,0.02466775342410503,-0.041088093317094496
r4_shuffled,art,600,target_style_projector,0.0,0.053934908028852035,,0.02466775342410503,-0.041088093317094496
r4_shuffled,art,700,style_projector,0.2836996615472655,0.0,,-0.019639503396221645,-0.019740556777758385
r4_shuffled,art,700,target_style_projector,0.0,0.03490407497399637,,-0.019639503396221645,-0.019740556777758385
r4_shuffled,art,800,style_projector,0.285070028962815,0.0,,0.09500431827349493,0.005853185102365778
r4_shuffled,art,800,target_style_projector,0.0,0.09532951837451537,,0.09500431827349493,0.005853185102365778
r4_shuffled,art,900,style_projector,0.31410945178150873,0.0,,-0.004895128603006452,0.014285751721743768
r4_shuffled,art,900,target_style_projector,0.0,0.04612611492153252,,-0.004895128603006452,0.014285751721743768
r4_shuffled,art,1000,style_projector,0.3408195241964789,0.0,,0.10620142659305512,0.02257691001954252
r4_shuffled,art,1000,target_style_projector,0.0,0.05198622555327803,,0.10620142659305512,0.02257691001954252
r4_shuffled,clipart,1,style_projector,70.90073849532506,0.0,,0.47629523797271217,0.36024395359352746
r4_shuffled,clipart,1,target_style_projector,0.0,18.90414701319435,,0.47629523797271217,0.36024395359352746
r4_shuffled,clipart,100,style_projector,0.9418307896599929,0.0,,-0.07297121959594871,0.004689129385182561
r4_shuffled,clipart,100,target_style_projector,0.0,0.08867129255512565,,-0.07297121959594871,0.004689129385182561
r4_shuffled,clipart,200,style_projector,0.47992026272018584,0.0,,-0.017304836214282998,0.1689768162701367
r4_shuffled,clipart,200,target_style_projector,0.0,0.043995961333040685,,-0.017304836214282998,0.1689768162701367
r4_shuffled,clipart,300,style_projector,0.6498534965737415,0.0,,-0.12054197580758458,-0.04176690243291582
r4_shuffled,clipart,300,target_style_projector,0.0,0.05465472947229859,,-0.12054197580758458,-0.04176690243291582
r4_shuffled,clipart,400,style_projector,0.4785387580433374,0.0,,0.010443733622598832,-0.02020495159205769
r4_shuffled,clipart,400,target_style_projector,0.0,0.043420177024719946,,0.010443733622598832,-0.02020495159205769
r4_shuffled,clipart,500,style_projector,0.4707872166605988,0.0,,0.1510349629377597,0.03806262483188321
r4_shuffled,clipart,500,target_style_projector,0.0,0.05627428210253921,,0.1510349629377597,0.03806262483188321
r4_shuffled,clipart,600,style_projector,0.4833140657544246,0.0,,-0.06205101068023163,0.0031321729705858876
r4_shuffled,clipart,600,target_style_projector,0.0,0.05472663374737927,,-0.06205101068023163,0.0031321729705858876
r4_shuffled,clipart,700,style_projector,0.2725833711431015,0.0,,0.02033761005660388,0.03240392720484898
r4_shuffled,clipart,700,target_style_projector,0.0,0.02533792406851391,,0.02033761005660388,0.03240392720484898
r4_shuffled,clipart,800,style_projector,0.3364507623896542,0.0,,0.035266151407880295,0.001796683770290585
r4_shuffled,clipart,800,target_style_projector,0.0,0.03173541276376421,,0.035266151407880295,0.001796683770290585
r4_shuffled,clipart,900,style_projector,0.33656614265399787,0.0,,0.06027309129029755,-0.015893297406381353
r4_shuffled,clipart,900,target_style_projector,0.0,0.03181831568359101,,0.06027309129029755,-0.015893297406381353
r4_shuffled,clipart,1000,style_projector,0.2961314819477973,0.0,,-0.39350827925427917,-0.0059559400001705405
r4_shuffled,clipart,1000,target_style_projector,0.0,0.05046138053436091,,-0.39350827925427917,-0.0059559400001705405
r4_shuffled,product,1,style_projector,51.16613211523065,0.0,,0.3800170488499801,0.09590940130089193
r4_shuffled,product,1,target_style_projector,0.0,18.07943429497554,,0.3800170488499801,0.09590940130089193
r4_shuffled,product,100,style_projector,0.732741301207603,0.0,,-0.00898587050588794,0.05512652218354048
r4_shuffled,product,100,target_style_projector,0.0,0.10871566763946643,,-0.00898587050588794,0.05512652218354048
r4_shuffled,product,200,style_projector,0.7400135948052,0.0,,0.09273664153966288,0.005827435684645877
r4_shuffled,product,200,target_style_projector,0.0,0.09140435932922913,,0.09273664153966288,0.005827435684645877
r4_shuffled,product,300,style_projector,0.6943568896285877,0.0,,-0.058765560725839994,0.019702305481041953
r4_shuffled,product,300,target_style_projector,0.0,0.05382406004092285,,-0.058765560725839994,0.019702305481041953
r4_shuffled,product,400,style_projector,0.44413780124939767,0.0,,-0.05406772962370655,-0.036585753899995375
r4_shuffled,product,400,target_style_projector,0.0,0.028828080930069708,,-0.05406772962370655,-0.036585753899995375
r4_shuffled,product,500,style_projector,0.45982589824975384,0.0,,0.09392158664591709,0.0011042726841207
r4_shuffled,product,500,target_style_projector,0.0,0.0519952235796861,,0.09392158664591709,0.0011042726841207
r4_shuffled,product,600,style_projector,0.4064664450756115,0.0,,-0.03738829340093908,0.009028926216756088
r4_shuffled,product,600,target_style_projector,0.0,0.059292684616654164,,-0.03738829340093908,0.009028926216756088
r4_shuffled,product,700,style_projector,0.4010482992803377,0.0,,-0.03438566776552774,-0.018070149702389737
r4_shuffled,product,700,target_style_projector,0.0,0.04344131952716155,,-0.03438566776552774,-0.018070149702389737
r4_shuffled,product,800,style_projector,0.28409684240260874,0.0,,-0.010260857121365787,0.005859500342783224
r4_shuffled,product,800,target_style_projector,0.0,0.0504058411687552,,-0.010260857121365787,0.005859500342783224
r4_shuffled,product,900,style_projector,0.45375103232993563,0.0,,0.07109266899491617,-0.03413563878309653
r4_shuffled,product,900,target_style_projector,0.0,0.030410552166086378,,0.07109266899491617,-0.03413563878309653
r4_shuffled,product,1000,style_projector,0.27492290821143694,0.0,,-0.07666430605709482,0.004470715034339254
r4_shuffled,product,1000,target_style_projector,0.0,0.025986071955249875,,-0.07666430605709482,0.004470715034339254
r4_shuffled,real_world,1,style_projector,50.156338604775044,0.0,,0.5468216318852758,0.12230494465370997
r4_shuffled,real_world,1,target_style_projector,0.0,20.30890937807205,,0.5468216318852758,0.12230494465370997
r4_shuffled,real_world,100,style_projector,0.7495615170465036,0.0,,-0.07312198491905361,0.026040317391793872
r4_shuffled,real_world,100,target_style_projector,0.0,0.11924927993728689,,-0.07312198491905361,0.026040317391793872
r4_shuffled,real_world,200,style_projector,0.9199687033510154,0.0,,-0.0848022980341372,0.05615235225542793
r4_shuffled,real_world,200,target_style_projector,0.0,0.07353257896062146,,-0.0848022980341372,0.05615235225542793
r4_shuffled,real_world,300,style_projector,0.6293905645021316,0.0,,-0.07444610338728345,-0.0335261222002787
r4_shuffled,real_world,300,target_style_projector,0.0,0.08574096247818971,,-0.07444610338728345,-0.0335261222002787
r4_shuffled,real_world,400,style_projector,0.5133586755195114,0.0,,-0.08229049802786412,0.012091257484753627
r4_shuffled,real_world,400,target_style_projector,0.0,0.05550309173770404,,-0.08229049802786412,0.012091257484753627
r4_shuffled,real_world,500,style_projector,0.6270765288501814,0.0,,0.03254552768603554,0.003984701553009694
r4_shuffled,real_world,500,target_style_projector,0.0,0.05986280172031937,,0.03254552768603554,0.003984701553009694
r4_shuffled,real_world,600,style_projector,0.6905516014192469,0.0,,-0.07657575883704841,-0.0027868848553934487
r4_shuffled,real_world,600,target_style_projector,0.0,0.041907205113659765,,-0.07657575883704841,-0.0027868848553934487
r4_shuffled,real_world,700,style_projector,0.4716514851515569,0.0,,-0.13932731372630575,-0.002571696554498664
r4_shuffled,real_world,700,target_style_projector,0.0,0.04872495147455093,,-0.13932731372630575,-0.002571696554498664
r4_shuffled,real_world,800,style_projector,0.37480601535026575,0.0,,-0.15693153731122236,-0.0024621250436522467
r4_shuffled,real_world,800,target_style_projector,0.0,0.04623680671269924,,-0.15693153731122236,-0.0024621250436522467
r4_shuffled,real_world,900,style_projector,0.47023990501007273,0.0,,-0.12379040086407232,-0.021922944477405025
r4_shuffled,real_world,900,target_style_projector,0.0,0.03665294185544406,,-0.12379040086407232,-0.021922944477405025
r4_shuffled,real_world,1000,style_projector,0.7833227424251656,0.0,,0.039223481419745326,-0.0021436651264152094
r4_shuffled,real_world,1000,target_style_projector,0.0,0.039502450557230534,,0.039223481419745326,-0.0021436651264152094
r4_random,art,1,style_projector,72.92711680702861,0.0,,0.1451328471130941,0.05659230410754047
r4_random,art,1,target_style_projector,0.0,27.368921827264074,,0.1451328471130941,0.05659230410754047
r4_random,art,100,style_projector,0.8605549747636161,0.0,,-0.11891470637998697,0.0024140210383002438
r4_random,art,100,target_style_projector,0.0,0.07882907705377763,,-0.11891470637998697,0.0024140210383002438
r4_random,art,200,style_projector,0.8045810709129981,0.0,,0.0059734948187339845,-0.027330803530574627
r4_random,art,200,target_style_projector,0.0,0.04136014620439426,,0.0059734948187339845,-0.027330803530574627
r4_random,art,300,style_projector,0.6052238771173781,0.0,,-0.045037557535284,0.03145743224513228
r4_random,art,300,target_style_projector,0.0,0.05107905459171215,,-0.045037557535284,0.03145743224513228
r4_random,art,400,style_projector,0.5336029108500749,0.0,,-0.039817050409232176,-0.009512668867254784
r4_random,art,400,target_style_projector,0.0,0.08635017173039178,,-0.039817050409232176,-0.009512668867254784
r4_random,art,500,style_projector,0.5205398157838886,0.0,,6.936031928501539e-05,-0.006498392292703659
r4_random,art,500,target_style_projector,0.0,0.03703511363948325,,6.936031928501539e-05,-0.006498392292703659
r4_random,art,600,style_projector,0.6552850794681081,0.0,,-0.030146549171970908,0.05435069256428099
r4_random,art,600,target_style_projector,0.0,0.037834606574326225,,-0.030146549171970908,0.05435069256428099
r4_random,art,700,style_projector,0.36933926587809524,0.0,,-0.03766451969990004,0.003260165766803174
r4_random,art,700,target_style_projector,0.0,0.036630240032361386,,-0.03766451969990004,0.003260165766803174
r4_random,art,800,style_projector,0.34777665551457754,0.0,,-0.10845962485781321,0.03066468333292637
r4_random,art,800,target_style_projector,0.0,0.05597916480552631,,-0.10845962485781321,0.03066468333292637
r4_random,art,900,style_projector,0.2773805423987437,0.0,,-0.05057255041686401,-0.005110928515387933
r4_random,art,900,target_style_projector,0.0,0.043829147987241836,,-0.05057255041686401,-0.005110928515387933
r4_random,art,1000,style_projector,0.3576047404110233,0.0,,0.0486575068120787,-0.008014274835376041
r4_random,art,1000,target_style_projector,0.0,0.043910335568747905,,0.0486575068120787,-0.008014274835376041
r4_random,clipart,1,style_projector,120.87183291057295,0.0,,0.0573993058504737,0.16320110941267035
r4_random,clipart,1,target_style_projector,0.0,20.093523059589316,,0.0573993058504737,0.16320110941267035
r4_random,clipart,100,style_projector,0.8153819039247361,0.0,,0.08921074887047548,0.011981365977733426
r4_random,clipart,100,target_style_projector,0.0,0.04732894888244588,,0.08921074887047548,0.011981365977733426
r4_random,clipart,200,style_projector,0.6086329339968904,0.0,,0.11403850348155908,0.05256506357059802
r4_random,clipart,200,target_style_projector,0.0,0.03146838699179747,,0.11403850348155908,0.05256506357059802
r4_random,clipart,300,style_projector,0.5552944954751495,0.0,,-0.0488648827642936,0.051274549526940105
r4_random,clipart,300,target_style_projector,0.0,0.04987250749298709,,-0.0488648827642936,0.051274549526940105
r4_random,clipart,400,style_projector,0.6069152571402571,0.0,,-0.012664122375812858,-0.05297552732277779
r4_random,clipart,400,target_style_projector,0.0,0.037405451890352014,,-0.012664122375812858,-0.05297552732277779
r4_random,clipart,500,style_projector,0.41613899620094835,0.0,,0.06517621833238155,0.005786891895893242
r4_random,clipart,500,target_style_projector,0.0,0.03170705282054929,,0.06517621833238155,0.005786891895893242
r4_random,clipart,600,style_projector,0.6732651609236534,0.0,,0.032376082795688495,-0.040113431924804745
r4_random,clipart,600,target_style_projector,0.0,0.03545418863586674,,0.032376082795688495,-0.040113431924804745
r4_random,clipart,700,style_projector,0.33152773369485183,0.0,,0.03936916811710031,0.07135988773164266
r4_random,clipart,700,target_style_projector,0.0,0.05126580503650759,,0.03936916811710031,0.07135988773164266
r4_random,clipart,800,style_projector,0.44460964476802795,0.0,,0.005431479638241615,-0.009559460857657355
r4_random,clipart,800,target_style_projector,0.0,0.019831322571462764,,0.005431479638241615,-0.009559460857657355
r4_random,clipart,900,style_projector,0.4573173117479917,0.0,,-0.04150147124765109,0.007605009847581377
r4_random,clipart,900,target_style_projector,0.0,0.03413052153755534,,-0.04150147124765109,0.007605009847581377
r4_random,clipart,1000,style_projector,0.2822366315982179,0.0,,-0.08765443324312394,0.006269901306914747
r4_random,clipart,1000,target_style_projector,0.0,0.038657937878385826,,-0.08765443324312394,0.006269901306914747
r4_random,product,1,style_projector,143.88897366958338,0.0,,0.002988050315965913,0.05295434699568088
r4_random,product,1,target_style_projector,0.0,27.06686639840315,,0.002988050315965913,0.05295434699568088
r4_random,product,100,style_projector,1.0040534382002337,0.0,,-0.022175859406380522,0.006791158662707945
r4_random,product,100,target_style_projector,0.0,0.08372262955007091,,-0.022175859406380522,0.006791158662707945
r4_random,product,200,style_projector,1.0027434603769958,0.0,,-0.002431317098285205,-0.05677633366697138
r4_random,product,200,target_style_projector,0.0,0.04778870773333746,,-0.002431317098285205,-0.05677633366697138
r4_random,product,300,style_projector,0.9668982087028511,0.0,,-0.025789125512150016,0.004626213581157036
r4_random,product,300,target_style_projector,0.0,0.07976958753746852,,-0.025789125512150016,0.004626213581157036
r4_random,product,400,style_projector,0.6857663514906639,0.0,,0.047088877024586036,-0.010052462196163289
r4_random,product,400,target_style_projector,0.0,0.04943441289467767,,0.047088877024586036,-0.010052462196163289
r4_random,product,500,style_projector,0.6031237976922496,0.0,,0.007951013457546077,0.013790404297489477
r4_random,product,500,target_style_projector,0.0,0.04176007007755761,,0.007951013457546077,0.013790404297489477
r4_random,product,600,style_projector,0.4399270619041313,0.0,,-0.006262378529639103,-0.029758557492270202
r4_random,product,600,target_style_projector,0.0,0.042304429362523086,,-0.006262378529639103,-0.029758557492270202
r4_random,product,700,style_projector,0.49338300132165336,0.0,,-0.02151229288189927,0.0256061109464868
r4_random,product,700,target_style_projector,0.0,0.03820797347876919,,-0.02151229288189927,0.0256061109464868
r4_random,product,800,style_projector,0.33433502806353305,0.0,,0.019775604065259057,0.006923761274734212
r4_random,product,800,target_style_projector,0.0,0.08559514081527499,,0.019775604065259057,0.006923761274734212
r4_random,product,900,style_projector,0.525178889148206,0.0,,0.007367948597118895,0.019662173185650323
r4_random,product,900,target_style_projector,0.0,0.03916982996255246,,0.007367948597118895,0.019662173185650323
r4_random,product,1000,style_projector,0.3013176650733186,0.0,,-0.0038870744119346534,0.0036815840820463496
r4_random,product,1000,target_style_projector,0.0,0.04711018689574134,,-0.0038870744119346534,0.0036815840820463496
r4_random,real_world,1,style_projector,92.4593965910547,0.0,,0.052613213239624146,0.14516918769062093
r4_random,real_world,1,target_style_projector,0.0,94.27709474736598,,0.052613213239624146,0.14516918769062093
r4_random,real_world,100,style_projector,0.6486878890694759,0.0,,0.029377283422334092,0.026397240475887977
r4_random,real_world,100,target_style_projector,0.0,0.1269220000027278,,0.029377283422334092,0.026397240475887977
r4_random,real_world,200,style_projector,0.7533812530212516,0.0,,0.015657462241436784,-0.012986146160224254
r4_random,real_world,200,target_style_projector,0.0,0.06422060879507724,,0.015657462241436784,-0.012986146160224254
r4_random,real_world,300,style_projector,0.7123810166063597,0.0,,0.058230462273650384,0.0023630078830460845
r4_random,real_world,300,target_style_projector,0.0,0.09404632140204958,,0.058230462273650384,0.0023630078830460845
r4_random,real_world,400,style_projector,0.5360196262681892,0.0,,-0.017526643982845185,0.03065190648837389
r4_random,real_world,400,target_style_projector,0.0,0.0520332292090253,,-0.017526643982845185,0.03065190648837389
r4_random,real_world,500,style_projector,0.7358323165961366,0.0,,0.004979160667989946,0.010170406410059101
r4_random,real_world,500,target_style_projector,0.0,0.1186486744885444,,0.004979160667989946,0.010170406410059101
r4_random,real_world,600,style_projector,0.6564144600270869,0.0,,-0.06879286626996793,-0.04286063101403814
r4_random,real_world,600,target_style_projector,0.0,0.06545402579519218,,-0.06879286626996793,-0.04286063101403814
r4_random,real_world,700,style_projector,0.4705670182644973,0.0,,-0.003616719494151254,-0.011531307608058098
r4_random,real_world,700,target_style_projector,0.0,0.04605882293614058,,-0.003616719494151254,-0.011531307608058098
r4_random,real_world,800,style_projector,0.3310163626324948,0.0,,-0.0066642341015450135,0.023413840465109748
r4_random,real_world,800,target_style_projector,0.0,0.040513112430953076,,-0.0066642341015450135,0.023413840465109748
r4_random,real_world,900,style_projector,0.4668485385879991,0.0,,0.0735298136702721,0.004852136225468555
r4_random,real_world,900,target_style_projector,0.0,0.08619578739539244,,0.0735298136702721,0.004852136225468555
r4_random,real_world,1000,style_projector,0.5130049347123646,0.0,,-0.019482483265981197,-0.004564675723096616
r4_random,real_world,1000,target_style_projector,0.0,0.06477762413153663,,-0.019482483265981197,-0.004564675723096616
